scenario_id,tier,cell,validation,governance,latency_ms,tokens,correct,confidence,rubric_composite,n_detected,n_injected,validator_iterations,audit_intact,measured_latency_ms,measured_governance_ms,measured_worker_ms,measured_validator_ms,measured_policy_ms,measured_audit_ms,measured_redaction_ms,measured_queue_ms,n_true_positive,n_false_positive,n_claims,governed_events,anchored_workers,peer_bias_exposure,entities_redacted
L-000,low,Baseline,0,0,3826.232,1307,0,0.5,0.16,0,1,0,1,3827.404579,0.0,3827.404579,0.0,0.0,0.0,0.0,0.0,0,0,5,0,0,9,0
L-001,low,Baseline,0,0,3104.148,1356,0,0.5,0.16,0,1,0,1,3105.056982,0.0,3105.056982,0.0,0.0,0.0,0.0,0.0,0,0,5,0,0,9,0
L-002,low,Baseline,0,0,3045.313,1300,0,0.5,0.16,0,1,0,1,3051.875412,0.0,3051.875412,0.0,0.0,0.0,0.0,0.0,0,0,5,0,0,9,0
L-003,low,Baseline,0,0,4390.055,1413,0,0.5,0.19,0,1,0,1,4409.422926,0.0,4409.422926,0.0,0.0,0.0,0.0,0.0,0,0,5,0,0,9,0
L-004,low,Baseline,0,0,2883.917,1419,0,0.5,0.19,0,1,0,1,2928.51273,0.0,2928.51273,0.0,0.0,0.0,0.0,0.0,0,0,5,0,1,9,0
L-005,low,Baseline,0,0,4181.499,1347,0,0.5,0.13,0,1,0,1,4182.415349,0.0,4182.415349,0.0,0.0,0.0,0.0,0.0,0,0,5,0,0,9,0
L-006,low,Baseline,0,0,2573.251,1187,0,0.5,0.16,0,1,0,1,2577.508891,0.0,2577.508891,0.0,0.0,0.0,0.0,0.0,0,0,5,0,1,9,0
L-007,low,Baseline,0,0,3097.833,1412,0,0.5,0.22,0,1,0,1,3098.680418,0.0,3098.680418,0.0,0.0,0.0,0.0,0.0,0,0,5,0,0,9,0
L-008,low,Baseline,0,0,3311.717,1276,0,0.5,0.16,0,1,0,1,3319.18315,0.0,3319.18315,0.0,0.0,0.0,0.0,0.0,0,0,5,0,1,9,0
L-009,low,Baseline,0,0,2729.64,1280,0,0.5,0.19,0,1,0,1,2732.910813,0.0,2732.910813,0.0,0.0,0.0,0.0,0.0,0,0,5,0,0,9,0
L-010,low,Baseline,0,0,3038.569,1359,0,0.5,0.19,0,1,0,1,3045.212296,0.0,3045.212296,0.0,0.0,0.0,0.0,0.0,0,0,5,0,0,9,0
L-011,low,Baseline,0,0,3852.661,1240,0,0.5,0.19,0,1,0,1,3854.24447,0.0,3854.24447,0.0,0.0,0.0,0.0,0.0,0,0,5,0,0,9,0
L-012,low,Baseline,0,0,3040.318,1408,0,0.5,0.1,0,1,0,1,3042.932621,0.0,3042.932621,0.0,0.0,0.0,0.0,0.0,0,0,5,0,0,9,0
L-013,low,Baseline,0,0,2911.569,1325,0,0.5,0.19,0,1,0,1,2913.884938,0.0,2913.884938,0.0,0.0,0.0,0.0,0.0,0,0,5,0,0,9,0
L-014,low,Baseline,0,0,4806.85,1414,0,0.5,0.22,0,1,0,1,4812.639929,0.0,4812.639929,0.0,0.0,0.0,0.0,0.0,0,0,5,0,0,9,0
L-015,low,Baseline,0,0,2699.339,1323,0,0.5,0.22,0,1,0,1,2703.123593,0.0,2703.123593,0.0,0.0,0.0,0.0,0.0,0,0,5,0,0,9,0
L-016,low,Baseline,0,0,2950.639,1282,0,0.5,0.16,0,1,0,1,2953.562782,0.0,2953.562782,0.0,0.0,0.0,0.0,0.0,0,0,5,0,1,9,0
L-017,low,Baseline,0,0,3478.759,1037,0,0.5,0.16,0,1,0,1,3485.219737,0.0,3485.219737,0.0,0.0,0.0,0.0,0.0,0,0,5,0,0,9,0
L-018,low,Baseline,0,0,2915.486,1358,0,0.5,0.19,0,1,0,1,2923.075394,0.0,2923.075394,0.0,0.0,0.0,0.0,0.0,0,0,5,0,0,9,0
L-019,low,Baseline,0,0,2710.775,1328,0,0.5,0.16,0,1,0,1,2711.755192,0.0,2711.755192,0.0,0.0,0.0,0.0,0.0,0,0,5,0,0,9,0
L-020,low,Baseline,0,0,4571.12,1263,0,0.5,0.22,0,1,0,1,4578.661355,0.0,4578.661355,0.0,0.0,0.0,0.0,0.0,0,0,5,0,0,9,0
L-021,low,Baseline,0,0,3668.575,1310,0,0.5,0.16,0,1,0,1,3679.604349,0.0,3679.604349,0.0,0.0,0.0,0.0,0.0,0,0,5,0,0,9,0
L-022,low,Baseline,0,0,2731.236,1377,0,0.5,0.16,0,1,0,1,2737.886704,0.0,2737.886704,0.0,0.0,0.0,0.0,0.0,0,0,5,0,0,9,0
L-023,low,Baseline,0,0,4086.981,1277,0,0.5,0.19,0,1,0,1,4089.894307,0.0,4089.894307,0.0,0.0,0.0,0.0,0.0,0,0,5,0,0,9,0
L-024,low,Baseline,0,0,2950.766,1324,0,0.5,0.19,0,1,0,1,2956.220228,0.0,2956.220228,0.0,0.0,0.0,0.0,0.0,0,0,5,0,1,9,0
L-025,low,Baseline,0,0,3105.626,1417,0,0.5,0.16,0,1,0,1,3128.830288,0.0,3128.830288,0.0,0.0,0.0,0.0,0.0,0,0,5,0,1,9,0
L-026,low,Baseline,0,0,2817.129,1325,0,0.5,0.16,0,1,0,1,2820.11681,0.0,2820.11681,0.0,0.0,0.0,0.0,0.0,0,0,5,0,1,9,0
L-027,low,Baseline,0,0,3248.05,1396,0,0.5,0.19,0,1,0,1,3250.887052,0.0,3250.887052,0.0,0.0,0.0,0.0,0.0,0,0,5,0,1,9,0
L-028,low,Baseline,0,0,3466.913,1318,0,0.5,0.16,0,1,0,1,3476.334393,0.0,3476.334393,0.0,0.0,0.0,0.0,0.0,0,0,5,0,0,9,0
L-029,low,Baseline,0,0,4337.502,1407,0,0.5,0.16,0,1,0,1,4344.24036,0.0,4344.24036,0.0,0.0,0.0,0.0,0.0,0,0,5,0,1,9,0
L-030,low,Baseline,0,0,2850.504,1266,0,0.5,0.16,0,1,0,1,2852.56574,0.0,2852.56574,0.0,0.0,0.0,0.0,0.0,0,0,5,0,1,9,0
L-031,low,Baseline,0,0,2940.476,1326,0,0.5,0.19,0,1,0,1,2970.500394,0.0,2970.500394,0.0,0.0,0.0,0.0,0.0,0,0,5,0,0,9,0
L-032,low,Baseline,0,0,2888.685,1250,0,0.5,0.22,0,1,0,1,2891.574913,0.0,2891.574913,0.0,0.0,0.0,0.0,0.0,0,0,5,0,2,9,0
L-033,low,Baseline,0,0,2555.912,1241,0,0.5,0.19,0,1,0,1,2557.061957,0.0,2557.061957,0.0,0.0,0.0,0.0,0.0,0,0,5,0,0,9,0
L-034,low,Baseline,0,0,2849.461,1330,0,0.5,0.19,0,1,0,1,2850.620715,0.0,2850.620715,0.0,0.0,0.0,0.0,0.0,0,0,5,0,1,9,0
L-035,low,Baseline,0,0,2850.031,1368,0,0.5,0.19,0,1,0,1,2853.095433,0.0,2853.095433,0.0,0.0,0.0,0.0,0.0,0,0,5,0,0,9,0
L-036,low,Baseline,0,0,3830.391,1302,0,0.5,0.19,0,1,0,1,3833.922885,0.0,3833.922885,0.0,0.0,0.0,0.0,0.0,0,0,5,0,0,9,0
L-037,low,Baseline,0,0,2861.935,1282,0,0.5,0.19,0,1,0,1,2867.754285,0.0,2867.754285,0.0,0.0,0.0,0.0,0.0,0,0,5,0,1,9,0
L-038,low,Baseline,0,0,4939.577,1295,0,0.5,0.13,0,1,0,1,4943.92353,0.0,4943.92353,0.0,0.0,0.0,0.0,0.0,0,0,5,0,0,9,0
L-039,low,Baseline,0,0,2824.621,1325,0,0.5,0.19,0,1,0,1,2827.916894,0.0,2827.916894,0.0,0.0,0.0,0.0,0.0,0,0,5,0,1,9,0
L-040,low,Baseline,0,0,2833.716,1288,0,0.5,0.22,0,1,0,1,2837.761141,0.0,2837.761141,0.0,0.0,0.0,0.0,0.0,0,0,5,0,1,9,0
L-041,low,Baseline,0,0,2883.18,1283,0,0.5,0.19,0,1,0,1,2884.177067,0.0,2884.177067,0.0,0.0,0.0,0.0,0.0,0,0,5,0,1,9,0
L-042,low,Baseline,0,0,2882.623,1372,0,0.5,0.16,0,1,0,1,2884.04894,0.0,2884.04894,0.0,0.0,0.0,0.0,0.0,0,0,5,0,0,9,0
L-043,low,Baseline,0,0,9659.156,1206,0,0.5,0.19,0,1,0,1,9664.738052,0.0,9664.738052,0.0,0.0,0.0,0.0,0.0,0,0,5,0,0,9,0
L-044,low,Baseline,0,0,3325.377,1303,0,0.5,0.22,0,1,0,1,3331.424342,0.0,3331.424342,0.0,0.0,0.0,0.0,0.0,0,0,5,0,1,9,0
M-000,medium,Baseline,0,0,3271.458,1348,1,0.5,0.6625,0,2,0,1,3277.4002,0.0,3277.4002,0.0,0.0,0.0,0.0,0.0,0,0,8,0,0,14,0
M-001,medium,Baseline,0,0,2882.312,1316,1,0.5,0.625,0,2,0,1,2885.169671,0.0,2885.169671,0.0,0.0,0.0,0.0,0.0,0,0,8,0,0,14,0
M-002,medium,Baseline,0,0,2701.103,1318,0,0.5,0.175,0,2,0,1,2704.360197,0.0,2704.360197,0.0,0.0,0.0,0.0,0.0,0,0,8,0,2,14,0
M-003,medium,Baseline,0,0,6265.526,1418,1,0.5,0.6063,0,2,0,1,6266.680469,0.0,6266.680469,0.0,0.0,0.0,0.0,0.0,0,0,8,0,0,14,0
M-004,medium,Baseline,0,0,3068.056,1394,0,0.5,0.175,0,2,0,1,3074.957768,0.0,3074.957768,0.0,0.0,0.0,0.0,0.0,0,0,8,0,1,14,0
M-005,medium,Baseline,0,0,2693.6,1148,1,0.5,0.6625,0,2,0,1,2696.50166,0.0,2696.50166,0.0,0.0,0.0,0.0,0.0,0,0,8,0,0,14,0
M-006,medium,Baseline,0,0,5834.54,1398,0,0.5,0.1938,0,2,0,1,5841.881633,0.0,5841.881633,0.0,0.0,0.0,0.0,0.0,0,0,8,0,2,14,0
M-007,medium,Baseline,0,0,3072.007,1352,1,0.5,0.625,0,2,0,1,3093.159911,0.0,3093.159911,0.0,0.0,0.0,0.0,0.0,0,0,8,0,0,14,0
M-008,medium,Baseline,0,0,5078.642,1379,0,0.5,0.175,0,2,0,1,5082.902218,0.0,5082.902218,0.0,0.0,0.0,0.0,0.0,0,0,8,0,1,14,0
M-009,medium,Baseline,0,0,3304.371,1373,0,0.5,0.1938,0,2,0,1,3307.779611,0.0,3307.779611,0.0,0.0,0.0,0.0,0.0,0,0,8,0,1,14,0
M-010,medium,Baseline,0,0,4132.78,1339,0,0.5,0.175,0,2,0,1,4136.086609,0.0,4136.086609,0.0,0.0,0.0,0.0,0.0,0,0,8,0,1,14,0
M-011,medium,Baseline,0,0,4147.429,1425,0,0.5,0.1938,0,2,0,1,4150.427751,0.0,4150.427751,0.0,0.0,0.0,0.0,0.0,0,0,8,0,1,14,0
M-012,medium,Baseline,0,0,4284.54,1339,0,0.5,0.175,0,2,0,1,4287.071084,0.0,4287.071084,0.0,0.0,0.0,0.0,0.0,0,0,8,0,2,14,0
M-013,medium,Baseline,0,0,5300.414,1428,1,0.5,0.625,0,2,0,1,5306.642492,0.0,5306.642492,0.0,0.0,0.0,0.0,0.0,0,0,8,0,0,14,0
M-014,medium,Baseline,0,0,2730.972,1386,0,0.5,0.175,0,2,0,1,2736.165089,0.0,2736.165089,0.0,0.0,0.0,0.0,0.0,0,0,8,0,1,14,0
M-015,medium,Baseline,0,0,3091.188,1385,0,0.5,0.1562,0,2,0,1,3100.297409,0.0,3100.297409,0.0,0.0,0.0,0.0,0.0,0,0,8,0,1,14,0
M-016,medium,Baseline,0,0,2699.13,1276,1,0.5,0.6625,0,2,0,1,2702.313844,0.0,2702.313844,0.0,0.0,0.0,0.0,0.0,0,0,8,0,0,14,0
M-017,medium,Baseline,0,0,3765.904,1396,1,0.5,0.6438,0,2,0,1,3771.86937,0.0,3771.86937,0.0,0.0,0.0,0.0,0.0,0,0,8,0,0,14,0
M-018,medium,Baseline,0,0,3302.564,1286,1,0.5,0.6438,0,2,0,1,3311.890133,0.0,3311.890133,0.0,0.0,0.0,0.0,0.0,0,0,8,0,0,14,0
M-019,medium,Baseline,0,0,2792.081,1306,1,0.5,0.625,0,2,0,1,2794.028136,0.0,2794.028136,0.0,0.0,0.0,0.0,0.0,0,0,8,0,0,14,0
M-020,medium,Baseline,0,0,3327.672,1339,1,0.5,0.6625,0,2,0,1,3335.923914,0.0,3335.923914,0.0,0.0,0.0,0.0,0.0,0,0,8,0,0,14,0
M-021,medium,Baseline,0,0,3532.586,1388,1,0.5,0.6438,0,2,0,1,3534.055586,0.0,3534.055586,0.0,0.0,0.0,0.0,0.0,0,0,8,0,0,14,0
M-022,medium,Baseline,0,0,2950.591,1391,1,0.5,0.625,0,2,0,1,2961.143837,0.0,2961.143837,0.0,0.0,0.0,0.0,0.0,0,0,8,0,0,14,0
M-023,medium,Baseline,0,0,3038.756,1410,1,0.5,0.6625,0,2,0,1,3039.548905,0.0,3039.548905,0.0,0.0,0.0,0.0,0.0,0,0,8,0,0,14,0
M-024,medium,Baseline,0,0,4861.638,1454,1,0.5,0.6438,0,2,0,1,4871.354908,0.0,4871.354908,0.0,0.0,0.0,0.0,0.0,0,0,8,0,0,14,0
M-025,medium,Baseline,0,0,2967.28,1281,0,0.5,0.175,0,2,0,1,2972.797342,0.0,2972.797342,0.0,0.0,0.0,0.0,0.0,0,0,8,0,1,14,0
M-026,medium,Baseline,0,0,3215.18,1306,0,0.5,0.1938,0,2,0,1,3267.647434,0.0,3267.647434,0.0,0.0,0.0,0.0,0.0,0,0,8,0,1,14,0
M-027,medium,Baseline,0,0,3205.225,1356,0,0.5,0.175,0,2,0,1,3206.421881,0.0,3206.421881,0.0,0.0,0.0,0.0,0.0,0,0,8,0,2,14,0
M-028,medium,Baseline,0,0,3290.573,1422,0,0.5,0.175,0,2,0,1,3291.46697,0.0,3291.46697,0.0,0.0,0.0,0.0,0.0,0,0,8,0,1,14,0
M-029,medium,Baseline,0,0,4244.141,1236,0,0.5,0.2125,0,2,0,1,4246.653326,0.0,4246.653326,0.0,0.0,0.0,0.0,0.0,0,0,8,0,1,14,0
M-030,medium,Baseline,0,0,2843.702,1469,1,0.5,0.625,0,2,0,1,2844.739233,0.0,2844.739233,0.0,0.0,0.0,0.0,0.0,0,0,8,0,0,14,0
M-031,medium,Baseline,0,0,4387.353,1230,1,0.5,0.5875,0,2,0,1,4388.548271,0.0,4388.548271,0.0,0.0,0.0,0.0,0.0,0,0,8,0,0,14,0
M-032,medium,Baseline,0,0,2890.572,1415,1,0.5,0.6438,0,2,0,1,2893.694671,0.0,2893.694671,0.0,0.0,0.0,0.0,0.0,0,0,8,0,0,14,0
M-033,medium,Baseline,0,0,3775.36,1373,1,0.5,0.625,0,2,0,1,3789.181028,0.0,3789.181028,0.0,0.0,0.0,0.0,0.0,0,0,8,0,0,14,0
M-034,medium,Baseline,0,0,2812.72,1405,0,0.5,0.1375,0,2,0,1,2818.299057,0.0,2818.299057,0.0,0.0,0.0,0.0,0.0,0,0,8,0,1,14,0
M-035,medium,Baseline,0,0,3009.846,1295,0,0.5,0.2125,0,2,0,1,3012.344202,0.0,3012.344202,0.0,0.0,0.0,0.0,0.0,0,0,8,0,1,14,0
M-036,medium,Baseline,0,0,2900.956,1428,1,0.5,0.625,0,2,0,1,2966.152799,0.0,2966.152799,0.0,0.0,0.0,0.0,0.0,0,0,8,0,0,14,0
M-037,medium,Baseline,0,0,2800.992,1313,1,0.5,0.625,0,2,0,1,2801.715653,0.0,2801.715653,0.0,0.0,0.0,0.0,0.0,0,0,8,0,0,14,0
M-038,medium,Baseline,0,0,2719.509,1459,1,0.5,0.625,0,2,0,1,2798.361799,0.0,2798.361799,0.0,0.0,0.0,0.0,0.0,0,0,8,0,0,14,0
M-039,medium,Baseline,0,0,2888.103,1347,1,0.5,0.6438,0,2,0,1,2899.116533,0.0,2899.116533,0.0,0.0,0.0,0.0,0.0,0,0,8,0,0,14,0
M-040,medium,Baseline,0,0,2886.743,1338,1,0.5,0.6063,0,2,0,1,2895.768026,0.0,2895.768026,0.0,0.0,0.0,0.0,0.0,0,0,8,0,0,14,0
M-041,medium,Baseline,0,0,4182.86,1403,0,0.5,0.1562,0,2,0,1,4200.462051,0.0,4200.462051,0.0,0.0,0.0,0.0,0.0,0,0,8,0,1,14,0
M-042,medium,Baseline,0,0,2893.823,1382,1,0.5,0.6438,0,2,0,1,2894.686795,0.0,2894.686795,0.0,0.0,0.0,0.0,0.0,0,0,8,0,0,14,0
M-043,medium,Baseline,0,0,4298.569,1416,1,0.5,0.625,0,2,0,1,4303.636858,0.0,4303.636858,0.0,0.0,0.0,0.0,0.0,0,0,8,0,0,14,0
M-044,medium,Baseline,0,0,3793.777,1353,0,0.5,0.175,0,2,0,1,3805.712582,0.0,3805.712582,0.0,0.0,0.0,0.0,0.0,0,0,8,0,2,14,0
H-000,high,Baseline,0,0,4587.508,1511,0,0.5,0.1955,0,3,0,1,4593.149816,0.0,4593.149816,0.0,0.0,0.0,0.0,0.0,0,0,11,0,1,19,0
H-001,high,Baseline,0,0,3721.306,1451,0,0.5,0.1818,0,3,0,1,3722.366722,0.0,3722.366722,0.0,0.0,0.0,0.0,0.0,0,0,11,0,1,19,0
H-002,high,Baseline,0,0,2867.859,1256,0,0.5,0.1818,0,3,0,1,2872.68926,0.0,2872.68926,0.0,0.0,0.0,0.0,0.0,0,0,11,0,0,19,0
H-003,high,Baseline,0,0,3792.438,1376,0,0.5,0.1273,0,3,0,1,3795.095588,0.0,3795.095588,0.0,0.0,0.0,0.0,0.0,0,0,11,0,0,19,0
H-004,high,Baseline,0,0,2799.912,1456,0,0.5,0.1955,0,3,0,1,2805.916312,0.0,2805.916312,0.0,0.0,0.0,0.0,0.0,0,0,11,0,2,19,0
H-005,high,Baseline,0,0,2754.761,1516,0,0.5,0.1818,0,3,0,1,2760.026526,0.0,2760.026526,0.0,0.0,0.0,0.0,0.0,0,0,11,0,1,19,0
H-006,high,Baseline,0,0,3620.004,1515,0,0.5,0.1273,0,3,0,1,3621.095336,0.0,3621.095336,0.0,0.0,0.0,0.0,0.0,0,0,11,0,0,19,0
H-007,high,Baseline,0,0,3279.775,1452,0,0.5,0.1818,0,3,0,1,3281.615603,0.0,3281.615603,0.0,0.0,0.0,0.0,0.0,0,0,11,0,1,19,0
H-008,high,Baseline,0,0,2889.075,1511,0,0.5,0.1955,0,3,0,1,2894.655435,0.0,2894.655435,0.0,0.0,0.0,0.0,0.0,0,0,11,0,1,19,0
H-009,high,Baseline,0,0,2915.591,1479,0,0.5,0.1409,0,3,0,1,2916.592721,0.0,2916.592721,0.0,0.0,0.0,0.0,0.0,0,0,11,0,0,19,0
H-010,high,Baseline,0,0,3207.37,1503,0,0.5,0.1545,0,3,0,1,3212.98653,0.0,3212.98653,0.0,0.0,0.0,0.0,0.0,0,0,11,0,1,19,0
H-011,high,Baseline,0,0,2860.231,1502,0,0.5,0.1818,0,3,0,1,2864.365742,0.0,2864.365742,0.0,0.0,0.0,0.0,0.0,0,0,11,0,1,19,0
H-012,high,Baseline,0,0,2712.061,1511,0,0.5,0.1545,0,3,0,1,2717.890763,0.0,2717.890763,0.0,0.0,0.0,0.0,0.0,0,0,11,0,1,19,0
H-013,high,Baseline,0,0,4285.635,1429,0,0.5,0.1818,0,3,0,1,4290.575785,0.0,4290.575785,0.0,0.0,0.0,0.0,0.0,0,0,11,0,0,19,0
H-014,high,Baseline,0,0,3265.94,1403,0,0.5,0.1682,0,3,0,1,3268.506949,0.0,3268.506949,0.0,0.0,0.0,0.0,0.0,0,0,11,0,0,19,0
H-015,high,Baseline,0,0,3688.945,1434,0,0.5,0.1545,0,3,0,1,3694.088863,0.0,3694.088863,0.0,0.0,0.0,0.0,0.0,0,0,11,0,1,19,0
H-016,high,Baseline,0,0,4237.837,1477,0,0.5,0.1545,0,3,0,1,4250.223299,0.0,4250.223299,0.0,0.0,0.0,0.0,0.0,0,0,11,0,0,19,0
H-017,high,Baseline,0,0,3650.073,1405,0,0.5,0.1682,0,3,0,1,3658.802121,0.0,3658.802121,0.0,0.0,0.0,0.0,0.0,0,0,11,0,0,19,0
H-018,high,Baseline,0,0,2858.296,1459,0,0.5,0.1682,0,3,0,1,2859.176282,0.0,2859.176282,0.0,0.0,0.0,0.0,0.0,0,0,11,0,0,19,0
H-019,high,Baseline,0,0,2583.562,1342,0,0.5,0.1545,0,3,0,1,2595.638252,0.0,2595.638252,0.0,0.0,0.0,0.0,0.0,0,0,11,0,0,19,0
H-020,high,Baseline,0,0,2582.445,1448,0,0.5,0.1545,0,3,0,1,2588.439774,0.0,2588.439774,0.0,0.0,0.0,0.0,0.0,0,0,11,0,1,19,0
H-021,high,Baseline,0,0,2951.857,1498,0,0.5,0.1545,0,3,0,1,2961.615619,0.0,2961.615619,0.0,0.0,0.0,0.0,0.0,0,0,11,0,0,19,0
H-022,high,Baseline,0,0,2601.392,1236,0,0.5,0.1682,0,3,0,1,2604.644562,0.0,2604.644562,0.0,0.0,0.0,0.0,0.0,0,0,11,0,0,19,0
H-023,high,Baseline,0,0,3118.615,1486,0,0.5,0.1818,0,3,0,1,3127.2439,0.0,3127.2439,0.0,0.0,0.0,0.0,0.0,0,0,11,0,1,19,0
H-024,high,Baseline,0,0,2571.8,1450,0,0.5,0.2091,0,3,0,1,2577.955915,0.0,2577.955915,0.0,0.0,0.0,0.0,0.0,0,0,11,0,1,19,0
H-025,high,Baseline,0,0,3070.358,1424,0,0.5,0.1955,0,3,0,1,3080.903656,0.0,3080.903656,0.0,0.0,0.0,0.0,0.0,0,0,11,0,2,19,0
H-026,high,Baseline,0,0,3059.445,1498,0,0.5,0.1545,0,3,0,1,3073.472561,0.0,3073.472561,0.0,0.0,0.0,0.0,0.0,0,0,11,0,1,19,0
H-027,high,Baseline,0,0,3032.332,1428,0,0.5,0.2091,0,3,0,1,3039.753303,0.0,3039.753303,0.0,0.0,0.0,0.0,0.0,0,0,11,0,1,19,0
H-028,high,Baseline,0,0,2985.845,1467,0,0.5,0.1955,0,3,0,1,2992.186076,0.0,2992.186076,0.0,0.0,0.0,0.0,0.0,0,0,11,0,2,19,0
H-029,high,Baseline,0,0,3017.557,1463,0,0.5,0.1545,0,3,0,1,3023.585457,0.0,3023.585457,0.0,0.0,0.0,0.0,0.0,0,0,11,0,1,19,0
H-030,high,Baseline,0,0,2916.112,1494,0,0.5,0.1818,0,3,0,1,2922.51919,0.0,2922.51919,0.0,0.0,0.0,0.0,0.0,0,0,11,0,0,19,0
H-031,high,Baseline,0,0,3218.182,1416,0,0.5,0.1955,0,3,0,1,3219.61922,0.0,3219.61922,0.0,0.0,0.0,0.0,0.0,0,0,11,0,0,19,0
H-032,high,Baseline,0,0,3353.464,1431,0,0.5,0.1682,0,3,0,1,3366.838152,0.0,3366.838152,0.0,0.0,0.0,0.0,0.0,0,0,11,0,0,19,0
H-033,high,Baseline,0,0,3540.068,1383,0,0.5,0.1818,0,3,0,1,3543.291396,0.0,3543.291396,0.0,0.0,0.0,0.0,0.0,0,0,11,0,1,19,0
H-034,high,Baseline,0,0,3481.856,1307,0,0.5,0.1955,0,3,0,1,3488.932889,0.0,3488.932889,0.0,0.0,0.0,0.0,0.0,0,0,11,0,0,19,0
H-035,high,Baseline,0,0,3383.326,1466,0,0.5,0.1409,0,3,0,1,3385.374514,0.0,3385.374514,0.0,0.0,0.0,0.0,0.0,0,0,11,0,1,19,0
H-036,high,Baseline,0,0,2884.154,1441,0,0.5,0.1682,0,3,0,1,2885.374448,0.0,2885.374448,0.0,0.0,0.0,0.0,0.0,0,0,11,0,0,19,0
H-037,high,Baseline,0,0,2555.249,1339,0,0.5,0.1545,0,3,0,1,2561.202235,0.0,2561.202235,0.0,0.0,0.0,0.0,0.0,0,0,11,0,1,19,0
H-038,high,Baseline,0,0,3786.256,1465,0,0.5,0.1818,0,3,0,1,3787.695942,0.0,3787.695942,0.0,0.0,0.0,0.0,0.0,0,0,11,0,1,19,0
H-039,high,Baseline,0,0,3823.531,1365,0,0.5,0.1818,0,3,0,1,3828.397073,0.0,3828.397073,0.0,0.0,0.0,0.0,0.0,0,0,11,0,0,19,0
H-040,high,Baseline,0,0,5729.514,1471,0,0.5,0.1682,0,3,0,1,5736.658852,0.0,5736.658852,0.0,0.0,0.0,0.0,0.0,0,0,11,0,1,19,0
H-041,high,Baseline,0,0,3511.892,1502,0,0.5,0.1545,0,3,0,1,3516.079036,0.0,3516.079036,0.0,0.0,0.0,0.0,0.0,0,0,11,0,1,19,0
H-042,high,Baseline,0,0,4380.31,1423,0,0.5,0.1682,0,3,0,1,4381.251141,0.0,4381.251141,0.0,0.0,0.0,0.0,0.0,0,0,11,0,1,19,0
H-043,high,Baseline,0,0,3039.786,1429,0,0.5,0.1409,0,3,0,1,3043.930912,0.0,3043.930912,0.0,0.0,0.0,0.0,0.0,0,0,11,0,2,19,0
H-044,high,Baseline,0,0,2839.868,1493,0,0.5,0.1409,0,3,0,1,2840.950509,0.0,2840.950509,0.0,0.0,0.0,0.0,0.0,0,0,11,0,1,19,0
L-000,low,V-only,1,0,13853.826,2837,1,0.5249,0.91,1,1,4,1,2762.086275,0.0,2760.341547,1.744728,0.0,0.0,0.0,0.0,1,0,5,0,0,9,0
L-001,low,V-only,1,0,13443.857,2922,0,0.6631,0.46,1,1,4,1,3617.72388,0.0,3617.312473,0.411407,0.0,0.0,0.0,0.0,1,0,5,0,0,9,0
L-002,low,V-only,1,0,15397.857,2821,0,0.6289,0.16,0,1,4,1,5166.785338,0.0,5166.396545,0.388793,0.0,0.0,0.0,0.0,0,0,5,0,0,9,0
L-003,low,V-only,1,0,13041.182,2827,0,0.5222,0.19,0,1,4,1,3745.416702,0.0,3744.993417,0.423285,0.0,0.0,0.0,0.0,0,0,5,0,0,9,0
L-004,low,V-only,1,0,13296.61,2926,0,0.6603,0.19,0,1,4,1,3193.622544,0.0,3193.165337,0.457207,0.0,0.0,0.0,0.0,0,0,5,0,1,9,0
L-005,low,V-only,1,0,13937.824,2745,1,0.7118,0.88,1,1,4,1,3266.102757,0.0,3265.690317,0.41244,0.0,0.0,0.0,0.0,1,0,5,0,0,9,0
L-006,low,V-only,1,0,11925.635,2711,1,0.5,0.91,1,1,4,1,2717.731544,0.0,2717.287597,0.443947,0.0,0.0,0.0,0.0,1,0,5,0,1,9,0
L-007,low,V-only,1,0,14510.051,2930,0,0.6276,0.52,1,1,4,1,2966.398209,0.0,2965.914101,0.484108,0.0,0.0,0.0,0.0,1,0,5,0,0,9,0
L-008,low,V-only,1,0,14199.678,2776,0,0.7327,0.16,0,1,4,1,3704.441806,0.0,3704.054702,0.387104,0.0,0.0,0.0,0.0,0,0,5,0,1,9,0
L-009,low,V-only,1,0,12292.102,2810,1,0.5,0.94,1,1,4,1,2722.613189,0.0,2722.263972,0.349217,0.0,0.0,0.0,0.0,1,0,5,0,0,9,0
L-010,low,V-only,1,0,13602.129,2940,0,0.6727,0.19,0,1,4,1,2931.326505,0.0,2930.971558,0.354947,0.0,0.0,0.0,0.0,0,0,5,0,0,9,0
L-011,low,V-only,1,0,14610.467,2788,1,0.7205,0.79,2,1,4,1,4662.908823,0.0,4662.464605,0.444218,0.0,0.0,0.0,0.0,1,1,5,0,0,9,0
L-012,low,V-only,1,0,14427.416,2883,0,0.5279,0.4,1,1,4,1,3692.503132,0.0,3692.090157,0.412975,0.0,0.0,0.0,0.0,1,0,5,0,0,9,0
L-013,low,V-only,1,0,12515.479,2794,0,0.55,0.49,1,1,4,1,2864.467483,0.0,2864.06868,0.398803,0.0,0.0,0.0,0.0,1,0,5,0,0,9,0
L-014,low,V-only,1,0,14671.266,2921,0,0.6666,0.22,0,1,4,1,4542.379295,0.0,4541.85251,0.526785,0.0,0.0,0.0,0.0,0,0,5,0,0,9,0
L-015,low,V-only,1,0,12897.208,2752,1,0.5,0.97,1,1,4,1,3057.603072,0.0,3057.182305,0.420767,0.0,0.0,0.0,0.0,1,0,5,0,0,9,0
L-016,low,V-only,1,0,12640.95,2826,1,0.5701,0.91,1,1,4,1,2720.00252,0.0,2719.508623,0.493897,0.0,0.0,0.0,0.0,1,0,5,0,1,9,0
L-017,low,V-only,1,0,13619.141,2812,1,0.5298,0.91,1,1,4,1,2872.826242,0.0,2872.400658,0.425584,0.0,0.0,0.0,0.0,1,0,5,0,0,9,0
L-018,low,V-only,1,0,14200.127,2777,1,0.613,0.94,1,1,4,1,3274.37159,0.0,3274.043526,0.328064,0.0,0.0,0.0,0.0,1,0,5,0,0,9,0
L-019,low,V-only,1,0,14048.254,2869,0,0.5528,0.46,1,1,4,1,2905.275034,0.0,2904.887404,0.38763,0.0,0.0,0.0,0.0,1,0,5,0,0,9,0
L-020,low,V-only,1,0,15476.198,2798,1,0.5,0.97,1,1,4,1,5045.004409,0.0,5044.654795,0.349614,0.0,0.0,0.0,0.0,1,0,5,0,0,9,0
L-021,low,V-only,1,0,13723.499,2952,1,0.5811,0.91,1,1,4,1,3085.400307,0.0,3085.074938,0.325369,0.0,0.0,0.0,0.0,1,0,5,0,0,9,0
L-022,low,V-only,1,0,16188.47,2910,0,0.6257,0.46,1,1,4,1,2791.391327,0.0,2790.99248,0.398847,0.0,0.0,0.0,0.0,1,0,5,0,0,9,0
L-023,low,V-only,1,0,14114.205,2872,0,0.55,0.49,1,1,4,1,4389.755701,0.0,4389.386928,0.368773,0.0,0.0,0.0,0.0,1,0,5,0,0,9,0
L-024,low,V-only,1,0,13414.067,2845,0,0.6727,0.19,0,1,4,1,2934.48668,0.0,2934.098857,0.387823,0.0,0.0,0.0,0.0,0,0,5,0,1,9,0
L-025,low,V-only,1,0,13255.779,2937,1,0.5777,0.91,1,1,4,1,3185.894832,0.0,3185.375841,0.518991,0.0,0.0,0.0,0.0,1,0,5,0,1,9,0
L-026,low,V-only,1,0,14766.8,2935,0,0.6785,0.16,0,1,4,1,3264.609663,0.0,3264.280578,0.329085,0.0,0.0,0.0,0.0,0,0,5,0,1,9,0
L-027,low,V-only,1,0,13814.047,2840,1,0.5429,0.94,1,1,4,1,3469.400076,0.0,3468.995268,0.404808,0.0,0.0,0.0,0.0,1,0,5,0,1,9,0
L-028,low,V-only,1,0,25618.539,2927,1,0.5249,0.91,1,1,4,1,14965.651159,0.0,14965.316053,0.335106,0.0,0.0,0.0,0.0,1,0,5,0,0,9,0
L-029,low,V-only,1,0,19511.051,2915,0,0.5249,0.46,1,1,4,1,9621.754136,0.0,9617.515636,4.2385,0.0,0.0,0.0,0.0,1,0,5,0,1,9,0
L-030,low,V-only,1,0,17543.821,2754,0,0.5528,0.46,1,1,4,1,4923.177137,0.0,4922.756552,0.420585,0.0,0.0,0.0,0.0,1,0,5,0,1,9,0
L-031,low,V-only,1,0,17828.55,2939,0,0.6631,0.49,1,1,4,1,7323.837138,0.0,7323.429203,0.407935,0.0,0.0,0.0,0.0,1,0,5,0,0,9,0
L-032,low,V-only,1,0,15971.172,2816,1,0.613,0.97,1,1,4,1,2869.782381,0.0,2869.326461,0.45592,0.0,0.0,0.0,0.0,1,0,5,0,2,9,0
L-033,low,V-only,1,0,12771.378,2881,0,0.6289,0.19,0,1,4,1,2810.323684,0.0,2808.870376,1.453308,0.0,0.0,0.0,0.0,0,0,5,0,0,9,0
L-034,low,V-only,1,0,18266.437,2807,0,0.6843,0.19,0,1,4,1,4367.775819,0.0,4367.390417,0.385402,0.0,0.0,0.0,0.0,0,0,5,0,1,9,0
L-035,low,V-only,1,0,12613.142,2859,1,0.6631,0.94,1,1,4,1,2842.425999,0.0,2841.822096,0.603903,0.0,0.0,0.0,0.0,1,0,5,0,0,9,0
L-036,low,V-only,1,0,17364.431,2802,0,0.785,0.19,0,1,4,1,6645.278077,0.0,6644.886153,0.391924,0.0,0.0,0.0,0.0,0,0,5,0,0,9,0
L-037,low,V-only,1,0,16964.815,2787,0,0.55,0.49,1,1,4,1,6199.242282,0.0,6198.719627,0.522655,0.0,0.0,0.0,0.0,1,0,5,0,1,9,0
L-038,low,V-only,1,0,15101.836,2909,1,0.5492,0.88,1,1,4,1,4881.689503,0.0,4881.322137,0.367366,0.0,0.0,0.0,0.0,1,0,5,0,0,9,0
L-039,low,V-only,1,0,12785.087,2883,1,0.5564,0.94,1,1,4,1,2947.528985,0.0,2946.99675,0.532235,0.0,0.0,0.0,0.0,1,0,5,0,1,9,0
L-040,low,V-only,1,0,18705.758,2947,1,0.7406,0.97,1,1,4,1,3998.839542,0.0,3998.471163,0.368379,0.0,0.0,0.0,0.0,1,0,5,0,1,9,0
L-041,low,V-only,1,0,13150.624,2847,0,0.5915,0.49,1,1,4,1,3181.309343,0.0,3180.871381,0.437962,0.0,0.0,0.0,0.0,1,0,5,0,1,9,0
L-042,low,V-only,1,0,15895.914,2900,0,0.6858,0.16,0,1,4,1,3836.047367,0.0,3834.287127,1.76024,0.0,0.0,0.0,0.0,0,0,5,0,0,9,0
L-043,low,V-only,1,0,17724.921,2749,0,0.6385,0.19,0,1,4,1,5201.838793,0.0,5201.302639,0.536154,0.0,0.0,0.0,0.0,0,0,5,0,0,9,0
L-044,low,V-only,1,0,14638.714,2892,0,0.6666,0.22,0,1,4,1,5252.041899,0.0,5251.648081,0.393818,0.0,0.0,0.0,0.0,0,0,5,0,1,9,0
M-000,medium,V-only,1,0,13742.824,2886,1,0.75,0.9625,2,2,4,1,3096.086903,0.0,3095.681255,0.405648,0.0,0.0,0.0,0.0,2,0,8,0,0,14,0
M-001,medium,V-only,1,0,14151.586,3044,1,0.7293,0.925,2,2,4,1,3020.069951,0.0,3019.649844,0.420107,0.0,0.0,0.0,0.0,2,0,8,0,0,14,0
M-002,medium,V-only,1,0,12516.776,2929,1,0.598,0.775,1,2,4,1,2867.405896,0.0,2866.955172,0.450724,0.0,0.0,0.0,0.0,1,0,8,0,2,14,0
M-003,medium,V-only,1,0,15473.86,2991,1,0.6763,0.9062,2,2,4,1,5119.977677,0.0,5119.529786,0.447891,0.0,0.0,0.0,0.0,2,0,8,0,0,14,0
M-004,medium,V-only,1,0,13541.566,3022,1,0.7425,0.925,2,2,4,1,3156.597659,0.0,3156.175627,0.422032,0.0,0.0,0.0,0.0,2,0,8,0,1,14,0
M-005,medium,V-only,1,0,16449.071,2937,1,0.6076,0.6625,0,2,4,1,3258.456503,0.0,3257.996794,0.459709,0.0,0.0,0.0,0.0,0,0,8,0,0,14,0
M-006,medium,V-only,1,0,14793.509,3000,1,0.7369,0.9437,2,2,4,1,4698.883208,0.0,4698.408987,0.474221,0.0,0.0,0.0,0.0,2,0,8,0,2,14,0
M-007,medium,V-only,1,0,12630.565,3023,1,0.7563,0.925,2,2,4,1,2867.275012,0.0,2866.836312,0.4387,0.0,0.0,0.0,0.0,2,0,8,0,0,14,0
M-008,medium,V-only,1,0,14921.999,3006,1,0.6054,0.775,1,2,4,1,4957.773083,0.0,4957.304699,0.468384,0.0,0.0,0.0,0.0,1,0,8,0,1,14,0
M-009,medium,V-only,1,0,16646.943,2957,1,0.7451,0.7937,1,2,4,1,3221.569569,0.0,3220.747245,0.822324,0.0,0.0,0.0,0.0,1,0,8,0,1,14,0
M-010,medium,V-only,1,0,14310.666,2985,1,0.7268,0.925,2,2,4,1,4306.79032,0.0,4306.336819,0.453501,0.0,0.0,0.0,0.0,2,0,8,0,1,14,0
M-011,medium,V-only,1,0,17330.93,2992,1,0.7369,0.9437,2,2,4,1,5357.159892,0.0,5356.708282,0.45161,0.0,0.0,0.0,0.0,2,0,8,0,1,14,0
M-012,medium,V-only,1,0,14708.586,2931,1,0.7631,0.925,2,2,4,1,4244.729457,0.0,4243.850718,0.878739,0.0,0.0,0.0,0.0,2,0,8,0,2,14,0
M-013,medium,V-only,1,0,17133.303,2999,1,0.6353,0.775,1,2,4,1,5185.535972,0.0,5185.11617,0.419802,0.0,0.0,0.0,0.0,1,0,8,0,0,14,0
M-014,medium,V-only,1,0,13614.498,2880,1,0.7013,0.925,2,2,4,1,2871.028982,0.0,2869.11296,1.916022,0.0,0.0,0.0,0.0,2,0,8,0,1,14,0
M-015,medium,V-only,1,0,16034.769,2910,1,0.75,0.9062,2,2,4,1,3811.050366,0.0,3810.67927,0.371096,0.0,0.0,0.0,0.0,2,0,8,0,1,14,0
M-016,medium,V-only,1,0,359660.54,3013,1,0.7904,0.9625,2,2,4,1,2852.451434,0.0,2852.006104,0.44533,0.0,0.0,0.0,0.0,2,0,8,0,0,14,0
M-017,medium,V-only,1,0,21549.862,3013,1,0.5669,0.7937,1,2,4,1,9897.711282,0.0,9897.206457,0.504825,0.0,0.0,0.0,0.0,1,0,8,0,0,14,0
M-018,medium,V-only,1,0,13339.681,2957,1,0.7091,0.7937,1,2,4,1,2936.913821,0.0,2936.427967,0.485854,0.0,0.0,0.0,0.0,1,0,8,0,0,14,0
M-019,medium,V-only,1,0,12643.912,2909,1,0.7359,0.925,2,2,4,1,2856.456088,0.0,2856.038178,0.41791,0.0,0.0,0.0,0.0,2,0,8,0,0,14,0
M-020,medium,V-only,1,0,17473.718,2927,1,0.6729,0.8125,1,2,4,1,2951.152713,0.0,2950.626264,0.526449,0.0,0.0,0.0,0.0,1,0,8,0,0,14,0
M-021,medium,V-only,1,0,14089.818,3014,1,0.8523,0.9437,2,2,4,1,3460.385932,0.0,3459.82421,0.561722,0.0,0.0,0.0,0.0,2,0,8,0,0,14,0
M-022,medium,V-only,1,0,15386.202,2928,1,0.659,0.925,2,2,4,1,3483.452143,0.0,3482.88911,0.563033,0.0,0.0,0.0,0.0,2,0,8,0,0,14,0
M-023,medium,V-only,1,0,14851.735,3029,0,0.536,0.3625,1,2,4,1,3407.094402,0.0,3406.491476,0.602926,0.0,0.0,0.0,0.0,1,0,8,0,0,14,0
M-024,medium,V-only,1,0,16047.955,3009,1,0.775,0.9437,2,2,4,1,4839.923467,0.0,4839.08448,0.838987,0.0,0.0,0.0,0.0,2,0,8,0,0,14,0
M-025,medium,V-only,1,0,13689.315,2713,1,0.8611,0.85,3,2,4,1,2603.056278,0.0,2602.597723,0.458555,0.0,0.0,0.0,0.0,2,1,8,0,1,14,0
M-026,medium,V-only,1,0,13700.02,2920,1,0.7432,0.9437,2,2,4,1,3708.6449,0.0,3708.127949,0.516951,0.0,0.0,0.0,0.0,2,0,8,0,1,14,0
M-027,medium,V-only,1,0,12915.784,2954,1,0.7029,0.925,2,2,4,1,3034.024688,0.0,3033.546223,0.478465,0.0,0.0,0.0,0.0,2,0,8,0,2,14,0
M-028,medium,V-only,1,0,12739.094,2977,1,0.734,0.925,2,2,4,1,2739.138495,0.0,2738.568629,0.569866,0.0,0.0,0.0,0.0,2,0,8,0,1,14,0
M-029,medium,V-only,1,0,15168.101,2922,1,0.6887,0.8125,1,2,4,1,5571.364462,0.0,5570.802058,0.562404,0.0,0.0,0.0,0.0,1,0,8,0,1,14,0
M-030,medium,V-only,1,0,15217.361,3047,1,0.6752,0.925,2,2,4,1,2809.778396,0.0,2809.344609,0.433787,0.0,0.0,0.0,0.0,2,0,8,0,0,14,0
M-031,medium,V-only,1,0,14467.179,2909,1,0.8155,0.8875,2,2,4,1,4903.593402,0.0,4902.735387,0.858015,0.0,0.0,0.0,0.0,2,0,8,0,0,14,0
M-032,medium,V-only,1,0,13004.032,2908,1,0.7756,0.7937,1,2,4,1,2894.989485,0.0,2894.51804,0.471445,0.0,0.0,0.0,0.0,1,0,8,0,0,14,0
M-033,medium,V-only,1,0,16150.549,2842,1,0.7631,0.925,2,2,4,1,3603.853331,0.0,3603.423389,0.429942,0.0,0.0,0.0,0.0,2,0,8,0,0,14,0
M-034,medium,V-only,1,0,14283.055,2984,1,0.6624,0.7375,1,2,4,1,3127.573141,0.0,3127.122578,0.450563,0.0,0.0,0.0,0.0,1,0,8,0,1,14,0
M-035,medium,V-only,1,0,13516.295,2922,1,0.6729,0.8125,1,2,4,1,3011.461172,0.0,3010.790652,0.67052,0.0,0.0,0.0,0.0,1,0,8,0,1,14,0
M-036,medium,V-only,1,0,14074.928,2961,1,0.663,0.775,1,2,4,1,2807.903479,0.0,2805.507181,2.396298,0.0,0.0,0.0,0.0,1,0,8,0,0,14,0
M-037,medium,V-only,1,0,13237.271,2883,1,0.6305,0.775,1,2,4,1,3556.916961,0.0,3556.416694,0.500267,0.0,0.0,0.0,0.0,1,0,8,0,0,14,0
M-038,medium,V-only,1,0,14212.914,3089,1,0.6289,0.775,1,2,4,1,3293.269872,0.0,3292.828286,0.441586,0.0,0.0,0.0,0.0,1,0,8,0,0,14,0
M-039,medium,V-only,1,0,12163.023,2964,1,0.7432,0.9437,2,2,4,1,3087.563916,0.0,3086.945858,0.618058,0.0,0.0,0.0,0.0,2,0,8,0,0,14,0
M-040,medium,V-only,1,0,16488.173,2831,1,0.6718,0.7562,1,2,4,1,3080.639965,0.0,3080.229053,0.410912,0.0,0.0,0.0,0.0,1,0,8,0,0,14,0
M-041,medium,V-only,1,0,12637.647,3010,1,0.8176,0.9062,2,2,4,1,3619.633235,0.0,3619.190575,0.44266,0.0,0.0,0.0,0.0,2,0,8,0,1,14,0
M-042,medium,V-only,1,0,14565.907,3026,1,0.733,0.9437,2,2,4,1,4663.763175,0.0,4663.300714,0.462461,0.0,0.0,0.0,0.0,2,0,8,0,0,14,0
M-043,medium,V-only,1,0,14622.073,2996,1,0.6678,0.775,1,2,4,1,4084.519032,0.0,4084.103084,0.415948,0.0,0.0,0.0,0.0,1,0,8,0,0,14,0
M-044,medium,V-only,1,0,12793.336,3100,1,0.5,0.625,0,2,4,1,2899.455595,0.0,2898.490993,0.964602,0.0,0.0,0.0,0.0,0,0,8,0,2,14,0
H-000,high,V-only,1,0,16683.161,3179,1,0.7126,0.8455,2,3,4,1,5952.767304,0.0,5952.312346,0.454958,0.0,0.0,0.0,0.0,2,0,11,0,1,19,0
H-001,high,V-only,1,0,13232.345,3131,1,0.6639,0.8318,2,3,4,1,2945.183765,0.0,2944.493264,0.690501,0.0,0.0,0.0,0.0,2,0,11,0,1,19,0
H-002,high,V-only,1,0,19521.473,3033,1,0.6379,0.8318,2,3,4,1,3073.680824,0.0,3073.272698,0.408126,0.0,0.0,0.0,0.0,2,0,11,0,0,19,0
H-003,high,V-only,1,0,16056.673,3006,1,0.6428,0.8773,3,3,4,1,5540.471803,0.0,5539.532369,0.939434,0.0,0.0,0.0,0.0,3,0,11,0,0,19,0
H-004,high,V-only,1,0,12173.258,3128,1,0.5388,0.8455,2,3,4,1,2757.069039,0.0,2756.555657,0.513382,0.0,0.0,0.0,0.0,2,0,11,0,2,19,0
H-005,high,V-only,1,0,15548.251,3131,1,0.7286,0.9318,3,3,4,1,3033.106885,0.0,3032.671151,0.435734,0.0,0.0,0.0,0.0,3,0,11,0,1,19,0
H-006,high,V-only,1,0,13733.511,3185,0,0.5006,0.3273,2,3,4,1,3394.176854,0.0,3393.205734,0.97112,0.0,0.0,0.0,0.0,2,0,11,0,0,19,0
H-007,high,V-only,1,0,14989.475,3085,1,0.7037,0.9318,3,3,4,1,3081.924293,0.0,3081.384212,0.540081,0.0,0.0,0.0,0.0,3,0,11,0,1,19,0
H-008,high,V-only,1,0,14963.717,3151,1,0.7139,0.9455,3,3,4,1,3524.737949,0.0,3524.058537,0.679412,0.0,0.0,0.0,0.0,3,0,11,0,1,19,0
H-009,high,V-only,1,0,16141.068,3168,1,0.5538,0.6909,1,3,4,1,2975.458456,0.0,2974.655912,0.802544,0.0,0.0,0.0,0.0,1,0,11,0,0,19,0
H-010,high,V-only,1,0,13165.555,3149,1,0.6388,0.8045,2,3,4,1,2947.539083,0.0,2946.941585,0.597498,0.0,0.0,0.0,0.0,2,0,11,0,1,19,0
H-011,high,V-only,1,0,15437.962,3076,1,0.7084,0.9318,3,3,4,1,2944.651466,0.0,2944.084976,0.56649,0.0,0.0,0.0,0.0,3,0,11,0,1,19,0
H-012,high,V-only,1,0,14097.538,3113,1,0.6065,0.7045,1,3,4,1,2933.314655,0.0,2932.678899,0.635756,0.0,0.0,0.0,0.0,1,0,11,0,1,19,0
H-013,high,V-only,1,0,14834.936,3013,1,0.6533,0.9318,3,3,4,1,4657.358612,0.0,4656.604876,0.753736,0.0,0.0,0.0,0.0,3,0,11,0,0,19,0
H-014,high,V-only,1,0,14722.148,3080,1,0.6166,0.8182,2,3,4,1,3187.251025,0.0,3184.544415,2.70661,0.0,0.0,0.0,0.0,2,0,11,0,0,19,0
H-015,high,V-only,1,0,13596.06,3131,1,0.6087,0.8045,2,3,4,1,2867.723916,0.0,2866.865956,0.85796,0.0,0.0,0.0,0.0,2,0,11,0,1,19,0
H-016,high,V-only,1,0,14320.163,3096,1,0.8065,0.9045,3,3,4,1,4875.825295,0.0,4875.287028,0.538267,0.0,0.0,0.0,0.0,3,0,11,0,0,19,0
H-017,high,V-only,1,0,17164.015,3035,1,0.5,0.7182,1,3,4,1,4113.629956,0.0,4112.994497,0.635459,0.0,0.0,0.0,0.0,1,0,11,0,0,19,0
H-018,high,V-only,1,0,12436.287,3160,1,0.5869,0.8182,2,3,4,1,2863.307634,0.0,2862.794742,0.512892,0.0,0.0,0.0,0.0,2,0,11,0,0,19,0
H-019,high,V-only,1,0,12672.202,3051,1,0.552,0.8045,2,3,4,1,2917.026914,0.0,2916.473305,0.553609,0.0,0.0,0.0,0.0,2,0,11,0,0,19,0
H-020,high,V-only,1,0,14595.75,3195,0,0.6166,0.2545,1,3,4,1,3345.417228,0.0,3344.886839,0.530389,0.0,0.0,0.0,0.0,1,0,11,0,1,19,0
H-021,high,V-only,1,0,13432.945,3137,1,0.6201,0.8045,2,3,4,1,2742.229108,0.0,2741.588835,0.640273,0.0,0.0,0.0,0.0,2,0,11,0,0,19,0
H-022,high,V-only,1,0,12360.595,3134,1,0.6949,0.9182,3,3,4,1,3144.331787,0.0,3143.609009,0.722778,0.0,0.0,0.0,0.0,3,0,11,0,0,19,0
H-023,high,V-only,1,0,12228.99,3077,1,0.5852,0.8318,2,3,4,1,2727.855342,0.0,2727.225949,0.629393,0.0,0.0,0.0,0.0,2,0,11,0,1,19,0
H-024,high,V-only,1,0,12767.33,3157,1,0.7043,0.9591,3,3,4,1,3174.405841,0.0,3173.833394,0.572447,0.0,0.0,0.0,0.0,3,0,11,0,1,19,0
H-025,high,V-only,1,0,14010.825,3040,1,0.5944,0.8455,2,3,4,1,2743.814457,0.0,2742.698344,1.116113,0.0,0.0,0.0,0.0,2,0,11,0,2,19,0
H-026,high,V-only,1,0,14041.665,3146,1,0.6956,0.7545,3,3,4,1,3907.091634,0.0,3906.200218,0.891416,0.0,0.0,0.0,0.0,2,1,11,0,1,19,0
H-027,high,V-only,1,0,12392.565,2896,1,0.7,0.9591,3,3,4,1,2664.677309,0.0,2664.102386,0.574923,0.0,0.0,0.0,0.0,3,0,11,0,1,19,0
H-028,high,V-only,1,0,12798.465,3134,1,0.6558,0.8455,2,3,4,1,3832.034765,0.0,3831.49308,0.541685,0.0,0.0,0.0,0.0,2,0,11,0,2,19,0
H-029,high,V-only,1,0,12191.71,3126,1,0.5682,0.8045,2,3,4,1,2783.983883,0.0,2783.481169,0.502714,0.0,0.0,0.0,0.0,2,0,11,0,1,19,0
H-030,high,V-only,1,0,12221.435,3032,1,0.5617,0.8318,2,3,4,1,2711.289668,0.0,2709.913655,1.376013,0.0,0.0,0.0,0.0,2,0,11,0,0,19,0
H-031,high,V-only,1,0,14556.742,3035,1,0.6826,0.8455,2,3,4,1,3524.645486,0.0,3523.688994,0.956492,0.0,0.0,0.0,0.0,2,0,11,0,0,19,0
H-032,high,V-only,1,0,12818.497,3142,1,0.5682,0.7182,1,3,4,1,2936.923624,0.0,2936.353012,0.570612,0.0,0.0,0.0,0.0,1,0,11,0,0,19,0
H-033,high,V-only,1,0,14437.474,2948,1,0.6749,0.9318,3,3,4,1,2608.784318,0.0,2608.227754,0.556564,0.0,0.0,0.0,0.0,3,0,11,0,1,19,0
H-034,high,V-only,1,0,14998.327,3080,1,0.72,0.9455,3,3,4,1,5173.584195,0.0,5173.107285,0.47691,0.0,0.0,0.0,0.0,3,0,11,0,0,19,0
H-035,high,V-only,1,0,13993.793,3124,1,0.6274,0.7909,2,3,4,1,3093.354914,0.0,3092.761094,0.59382,0.0,0.0,0.0,0.0,2,0,11,0,1,19,0
H-036,high,V-only,1,0,15089.968,3123,1,0.5564,0.8182,2,3,4,1,3210.668978,0.0,3209.96532,0.703658,0.0,0.0,0.0,0.0,2,0,11,0,0,19,0
H-037,high,V-only,1,0,13999.371,3107,1,0.5695,0.8045,2,3,4,1,2739.783614,0.0,2739.367526,0.416088,0.0,0.0,0.0,0.0,2,0,11,0,1,19,0
H-038,high,V-only,1,0,13882.63,3092,1,0.6329,0.8318,2,3,4,1,4188.22227,0.0,4187.764472,0.457798,0.0,0.0,0.0,0.0,2,0,11,0,1,19,0
H-039,high,V-only,1,0,16669.985,3119,0,0.5314,0.2818,1,3,4,1,5791.745061,0.0,5790.79326,0.951801,0.0,0.0,0.0,0.0,1,0,11,0,0,19,0
H-040,high,V-only,1,0,14898.618,3192,1,0.5869,0.8182,2,3,4,1,4858.681155,0.0,4858.158658,0.522497,0.0,0.0,0.0,0.0,2,0,11,0,1,19,0
H-041,high,V-only,1,0,16067.151,3157,0,0.6316,0.1545,0,3,4,1,4459.922978,0.0,4459.376729,0.546249,0.0,0.0,0.0,0.0,0,0,11,0,1,19,0
H-042,high,V-only,1,0,13872.928,3077,1,0.7661,0.9182,3,3,4,1,4465.4107,0.0,4464.864909,0.545791,0.0,0.0,0.0,0.0,3,0,11,0,1,19,0
H-043,high,V-only,1,0,15866.395,3122,1,0.5662,0.7909,2,3,4,1,4494.532395,0.0,4486.69261,7.839785,0.0,0.0,0.0,0.0,2,0,11,0,2,19,0
H-044,high,V-only,1,0,13250.365,3043,1,0.6173,0.7909,2,3,4,1,2940.604275,0.0,2940.168264,0.436011,0.0,0.0,0.0,0.0,2,0,11,0,1,19,0
L-000,low,G-only,0,1,2971.978,1378,0,0.5,0.16,0,1,0,1,2955.001905,0.322145,2954.67976,0.0,0.093734,0.115886,0.052027,0.019036,0,0,5,6,0,0,9
L-001,low,G-only,0,1,2991.749,1483,0,0.5,0.16,0,1,0,1,2975.416614,1.782536,2973.634078,0.0,0.231223,0.321199,1.019521,0.036425,0,0,5,6,0,0,9
L-002,low,G-only,0,1,3032.219,1284,0,0.5,0.16,0,1,0,1,3016.668558,0.310474,3016.358084,0.0,0.087829,0.116699,0.047148,0.014583,0,0,5,6,0,0,9
L-003,low,G-only,0,1,4191.774,1372,0,0.5,0.19,0,1,0,1,4174.275668,0.572921,4173.702747,0.0,0.151091,0.228311,0.091321,0.025729,0,0,5,6,0,0,9
L-004,low,G-only,0,1,2963.285,1462,0,0.5,0.19,0,1,0,1,2943.845737,0.527188,2943.318549,0.0,0.117319,0.238597,0.085956,0.023314,0,0,5,6,0,0,9
L-005,low,G-only,0,1,4247.434,1397,0,0.5,0.13,0,1,0,1,4228.078261,0.388604,4227.689657,0.0,0.111013,0.144852,0.062651,0.018425,0,0,5,6,0,0,9
L-006,low,G-only,0,1,2823.394,1328,0,0.5,0.16,0,1,0,1,2806.01808,0.613562,2805.404518,0.0,0.137097,0.242125,0.119315,0.026605,0,0,5,6,0,0,9
L-007,low,G-only,0,1,3351.499,1438,0,0.5,0.22,0,1,0,1,3341.999225,3.035728,3338.963497,0.0,0.154764,2.65241,0.117772,0.030957,0,0,5,6,0,0,9
L-008,low,G-only,0,1,2888.423,1345,0,0.5,0.16,0,1,0,1,2874.609546,0.487519,2874.122027,0.0,0.113865,0.206611,0.074648,0.022744,0,0,5,6,0,0,9
L-009,low,G-only,0,1,3070.106,1433,0,0.5,0.19,0,1,0,1,3059.042351,0.848394,3058.193957,0.0,0.233549,0.276402,0.099746,0.029724,0,0,5,6,0,0,9
L-010,low,G-only,0,1,2766.656,1349,0,0.5,0.19,0,1,0,1,2749.927069,0.470414,2749.456655,0.0,0.142497,0.15906,0.093246,0.019155,0,0,5,6,0,0,9
L-011,low,G-only,0,1,5214.765,1465,0,0.5,0.19,0,1,0,1,5195.515594,0.597301,5194.918293,0.0,0.155245,0.204148,0.086776,0.029733,0,0,5,6,0,0,9
L-012,low,G-only,0,1,3198.95,1421,0,0.5,0.1,0,1,0,1,3183.331239,0.841805,3182.489434,0.0,0.164147,0.387704,0.107668,0.031928,0,0,5,6,0,0,9
L-013,low,G-only,0,1,3578.875,1358,0,0.5,0.19,0,1,0,1,3561.781392,0.612103,3561.169289,0.0,0.155756,0.23294,0.104964,0.024875,0,0,5,6,0,0,9
L-014,low,G-only,0,1,8486.269,1421,0,0.5,0.22,0,1,0,1,8472.167315,0.444338,8471.722977,0.0,0.114919,0.174625,0.076731,0.020449,0,0,5,6,0,0,9
L-015,low,G-only,0,1,4853.437,1373,0,0.5,0.22,0,1,0,1,4843.083604,1.028209,4842.055395,0.0,0.140564,0.65256,0.133135,0.024066,0,0,5,6,0,0,9
L-016,low,G-only,0,1,2965.084,1370,0,0.5,0.16,0,1,0,1,2950.002276,0.912249,2949.090027,0.0,0.553868,0.18605,0.086305,0.021153,0,0,5,6,0,0,9
L-017,low,G-only,0,1,2514.975,1264,0,0.5,0.16,0,1,0,1,2503.44959,0.564414,2502.885176,0.0,0.122006,0.190319,0.16411,0.022493,0,0,5,6,0,0,9
L-018,low,G-only,0,1,2376.453,1142,0,0.5,0.19,0,1,0,1,2357.335823,0.364633,2356.97119,0.0,0.106026,0.129811,0.063171,0.016899,0,0,5,6,0,0,9
L-019,low,G-only,0,1,2804.51,1495,0,0.5,0.16,0,1,0,1,2791.420299,0.358711,2791.061588,0.0,0.067546,0.210881,0.033259,0.011547,0,0,5,6,0,0,9
L-020,low,G-only,0,1,5223.036,1411,0,0.5,0.22,0,1,0,1,5212.698692,0.457217,5212.241475,0.0,0.1141,0.179761,0.081438,0.022423,0,0,5,6,0,0,9
L-021,low,G-only,0,1,2945.334,1409,0,0.5,0.16,0,1,0,1,2931.407231,0.430804,2930.976427,0.0,0.125548,0.150669,0.073445,0.021302,0,0,5,6,0,0,9
L-022,low,G-only,0,1,3381.425,1438,0,0.5,0.16,0,1,0,1,3370.054763,0.502685,3369.552078,0.0,0.128431,0.197238,0.078624,0.024025,0,0,5,6,0,0,9
L-023,low,G-only,0,1,4649.095,1376,0,0.5,0.19,0,1,0,1,4632.471358,0.501726,4631.969632,0.0,0.17201,0.160716,0.089269,0.020341,0,0,5,6,0,0,9
L-024,low,G-only,0,1,3023.298,1466,0,0.5,0.19,0,1,0,1,3005.784228,0.689895,3005.094333,0.0,0.234653,0.255862,0.052148,0.062,0,0,5,6,0,0,9
L-025,low,G-only,0,1,3218.486,1489,0,0.5,0.16,0,1,0,1,3199.17196,0.54785,3198.62411,0.0,0.139416,0.222905,0.07565,0.025,0,0,5,6,0,0,9
L-026,low,G-only,0,1,3131.8,1442,0,0.5,0.16,0,1,0,1,3118.56923,0.386157,3118.183073,0.0,0.099046,0.147417,0.073046,0.016756,0,0,5,6,0,0,9
L-027,low,G-only,0,1,3088.432,1366,0,0.5,0.19,0,1,0,1,3074.870926,0.522917,3074.348009,0.0,0.128008,0.244725,0.057746,0.023908,0,0,5,6,0,0,9
L-028,low,G-only,0,1,4251.176,1363,0,0.5,0.16,0,1,0,1,4235.810436,0.436105,4235.374331,0.0,0.11119,0.178392,0.066559,0.020523,0,0,5,6,0,0,9
L-029,low,G-only,0,1,3719.415,1387,0,0.5,0.16,0,1,0,1,3705.586299,0.440543,3705.145756,0.0,0.110195,0.174116,0.078805,0.016125,0,0,5,6,0,0,9
L-030,low,G-only,0,1,3355.669,1307,0,0.5,0.16,0,1,0,1,3337.8643,0.51322,3337.35108,0.0,0.26706,0.126606,0.056192,0.015691,0,0,5,6,0,0,9
L-031,low,G-only,0,1,2963.599,1491,0,0.5,0.19,0,1,0,1,2946.16689,0.413556,2945.753334,0.0,0.113029,0.148788,0.077933,0.019901,0,0,5,6,0,0,9
L-032,low,G-only,0,1,2594.962,1345,0,0.5,0.22,0,1,0,1,2576.088261,0.393154,2575.695107,0.0,0.111742,0.141479,0.068982,0.018977,0,0,5,6,0,0,9
L-033,low,G-only,0,1,2659.514,1293,0,0.5,0.19,0,1,0,1,2646.600933,0.474594,2646.126339,0.0,0.09161,0.261014,0.054222,0.016526,0,0,5,6,0,0,9
L-034,low,G-only,0,1,4623.66,1370,0,0.5,0.19,0,1,0,1,4610.230302,0.566594,4609.663708,0.0,0.12909,0.240493,0.090792,0.024118,0,0,5,6,0,0,9
L-035,low,G-only,0,1,3034.536,1407,0,0.5,0.19,0,1,0,1,3016.473856,0.25289,3016.220966,0.0,0.073017,0.097203,0.036793,0.013196,0,0,5,6,0,0,9
L-036,low,G-only,0,1,5489.969,1483,0,0.5,0.19,0,1,0,1,5472.868642,0.342041,5472.526601,0.0,0.091292,0.132295,0.056602,0.01509,0,0,5,6,0,0,9
L-037,low,G-only,0,1,3147.464,1376,0,0.5,0.19,0,1,0,1,3133.494906,1.083609,3132.411297,0.0,0.150106,0.340821,0.387553,0.107817,0,0,5,6,0,0,9
L-038,low,G-only,0,1,4952.288,1406,0,0.5,0.13,0,1,0,1,4935.195715,0.537937,4934.657778,0.0,0.134557,0.208928,0.084384,0.026718,0,0,5,6,0,0,9
L-039,low,G-only,0,1,2728.866,1367,0,0.5,0.19,0,1,0,1,2714.098446,0.389363,2713.709083,0.0,0.113186,0.142965,0.062542,0.018017,0,0,5,6,0,0,9
L-040,low,G-only,0,1,3209.198,1491,0,0.5,0.22,0,1,0,1,3189.599928,0.30409,3189.295838,0.0,0.079487,0.121579,0.049092,0.012758,0,0,5,6,0,0,9
L-041,low,G-only,0,1,2761.523,1369,0,0.5,0.19,0,1,0,1,2742.041687,0.336625,2741.705062,0.0,0.092576,0.133456,0.050985,0.015704,0,0,5,6,0,0,9
L-042,low,G-only,0,1,3017.646,1211,0,0.5,0.16,0,1,0,1,2998.865135,0.548026,2998.317109,0.0,0.277548,0.137543,0.063754,0.016804,0,0,5,6,0,0,9
L-043,low,G-only,0,1,4558.411,1262,0,0.5,0.19,0,1,0,1,4541.474844,0.413354,4541.06149,0.0,0.107168,0.149359,0.079257,0.020214,0,0,5,6,0,0,9
L-044,low,G-only,0,1,2731.572,1451,0,0.5,0.22,0,1,0,1,2713.83279,0.39651,2713.43628,0.0,0.10715,0.146968,0.067879,0.019569,0,0,5,6,0,0,9
M-000,medium,G-only,0,1,2820.181,1357,1,0.5,0.6625,0,2,0,1,2801.464139,0.401942,2801.062197,0.0,0.099465,0.150401,0.084716,0.017155,0,0,8,6,0,0,14
M-001,medium,G-only,0,1,2971.98,1532,1,0.5,0.625,0,2,0,1,2956.563029,0.434517,2956.128512,0.0,0.097011,0.175999,0.088389,0.017015,0,0,8,6,0,0,14
M-002,medium,G-only,0,1,3373.971,1410,1,0.5,0.625,0,2,0,1,3359.595143,0.652039,3358.943104,0.0,0.333771,0.159104,0.076643,0.021782,0,0,8,6,0,0,14
M-003,medium,G-only,0,1,4985.072,1539,1,0.5,0.6063,0,2,0,1,4969.240357,0.664288,4968.576069,0.0,0.17041,0.244912,0.111924,0.027127,0,0,8,6,0,0,14
M-004,medium,G-only,0,1,3130.699,1462,1,0.5,0.625,0,2,0,1,3118.813399,0.440989,3118.37241,0.0,0.111095,0.149079,0.096572,0.018306,0,0,8,6,0,0,14
M-005,medium,G-only,0,1,2965.83,1404,1,0.5,0.6625,0,2,0,1,2960.905784,0.978851,2959.926933,0.0,0.210713,0.236007,0.123229,0.042843,0,0,8,6,0,0,14
M-006,medium,G-only,0,1,4920.236,1514,1,0.5,0.6438,0,2,0,1,4901.695463,0.658559,4901.036904,0.0,0.169096,0.223695,0.125085,0.031736,0,0,8,6,0,0,14
M-007,medium,G-only,0,1,3212.763,1396,1,0.5,0.625,0,2,0,1,3195.411107,0.486283,3194.924824,0.0,0.130764,0.193713,0.087658,0.018578,0,0,8,6,0,0,14
M-008,medium,G-only,0,1,4255.772,1441,1,0.5,0.625,0,2,0,1,4240.053269,1.171075,4238.882194,0.0,0.17764,0.195106,0.104403,0.027319,0,0,8,6,0,0,14
M-009,medium,G-only,0,1,2928.084,1437,1,0.5,0.6438,0,2,0,1,2909.098186,0.783986,2908.3142,0.0,0.1686,0.342101,0.127354,0.030366,0,0,8,6,0,0,14
M-010,medium,G-only,0,1,4265.193,1519,1,0.5,0.625,0,2,0,1,4246.14283,0.69725,4245.44558,0.0,0.212577,0.235297,0.116719,0.029143,0,0,8,6,0,0,14
M-011,medium,G-only,0,1,3902.904,1482,1,0.5,0.6438,0,2,0,1,3885.463733,0.351769,3885.111964,0.0,0.09486,0.130831,0.063605,0.016096,0,0,8,6,0,0,14
M-012,medium,G-only,0,1,3600.536,1269,1,0.5,0.625,0,2,0,1,3585.139413,0.608164,3584.531249,0.0,0.124815,0.241486,0.119185,0.025609,0,0,8,6,0,0,14
M-013,medium,G-only,0,1,4868.851,1469,1,0.5,0.625,0,2,0,1,4852.363148,0.488761,4851.874387,0.0,0.185653,0.131073,0.069592,0.018817,0,0,8,6,0,0,14
M-014,medium,G-only,0,1,3997.29,1446,1,0.5,0.625,0,2,0,1,3981.145343,0.505763,3980.63958,0.0,0.194086,0.154284,0.082782,0.019729,0,0,8,6,0,0,14
M-015,medium,G-only,0,1,3357.49,1431,1,0.5,0.6063,0,2,0,1,3346.100649,0.39343,3345.707219,0.0,0.10315,0.123272,0.100339,0.019458,0,0,8,6,0,0,14
M-016,medium,G-only,0,1,3120.194,1331,1,0.5,0.6625,0,2,0,1,3108.815782,1.040913,3107.774869,0.0,0.677077,0.16973,0.106777,0.021526,0,0,8,6,0,0,14
M-017,medium,G-only,0,1,4480.131,1475,1,0.5,0.6438,0,2,0,1,4474.68421,1.567585,4473.116625,0.0,0.203046,0.903162,0.266243,0.04051,0,0,8,6,0,0,14
M-018,medium,G-only,0,1,4358.084,1501,1,0.5,0.6438,0,2,0,1,4347.422677,0.442601,4346.980076,0.0,0.099167,0.193079,0.080368,0.017097,0,0,8,6,0,0,14
M-019,medium,G-only,0,1,6666.123,1396,1,0.5,0.625,0,2,0,1,6649.437635,0.737868,6648.699767,0.0,0.158761,0.245104,0.223452,0.026952,0,0,8,6,0,0,14
M-020,medium,G-only,0,1,2947.282,1237,1,0.5,0.6625,0,2,0,1,2941.957587,2.0339,2939.923687,0.0,0.515991,0.823393,0.146526,0.189138,0,0,8,6,0,0,14
M-021,medium,G-only,0,1,5139.304,1453,1,0.5,0.6438,0,2,0,1,5135.906278,1.370622,5134.535656,0.0,0.671831,0.304549,0.119276,0.029601,0,0,8,6,0,0,14
M-022,medium,G-only,0,1,3029.755,1386,1,0.5,0.625,0,2,0,1,3015.103057,0.687453,3014.415604,0.0,0.151858,0.253704,0.14583,0.034122,0,0,8,6,0,0,14
M-023,medium,G-only,0,1,2872.418,1355,1,0.5,0.6625,0,2,0,1,2853.52228,0.451867,2853.070413,0.0,0.118488,0.162276,0.084433,0.020788,0,0,8,6,0,0,14
M-024,medium,G-only,0,1,3876.02,1449,1,0.5,0.6438,0,2,0,1,3861.117629,0.541228,3860.576401,0.0,0.200175,0.170611,0.090263,0.021762,0,0,8,6,0,0,14
M-025,medium,G-only,0,1,3041.518,1356,1,0.5,0.625,0,2,0,1,3025.899202,1.60503,3024.294172,0.0,1.203879,0.218415,0.085847,0.025887,0,0,8,6,0,0,14
M-026,medium,G-only,0,1,2836.794,1410,1,0.5,0.6438,0,2,0,1,2827.416766,1.287971,2826.128795,0.0,0.183972,0.783437,0.184153,0.029534,0,0,8,6,0,0,14
M-027,medium,G-only,0,1,3203.423,1425,1,0.5,0.625,0,2,0,1,3192.627012,0.381945,3192.245067,0.0,0.10108,0.136292,0.077816,0.017144,0,0,8,6,0,0,14
M-028,medium,G-only,0,1,3123.818,1496,1,0.5,0.625,0,2,0,1,3109.839965,0.820961,3109.019004,0.0,0.14221,0.317036,0.166356,0.026753,0,0,8,6,0,0,14
M-029,medium,G-only,0,1,5127.921,1424,1,0.5,0.6625,0,2,0,1,5108.414105,0.473119,5107.940986,0.0,0.105269,0.214275,0.081931,0.01889,0,0,8,6,0,0,14
M-030,medium,G-only,0,1,2748.666,1510,1,0.5,0.625,0,2,0,1,2735.334461,0.431772,2734.902689,0.0,0.103795,0.17547,0.080088,0.019199,0,0,8,6,0,0,14
M-031,medium,G-only,0,1,4410.725,1313,1,0.5,0.5875,0,2,0,1,4391.906875,0.569302,4391.337573,0.0,0.151676,0.201956,0.105846,0.029714,0,0,8,6,0,0,14
M-032,medium,G-only,0,1,2885.824,1517,1,0.5,0.6438,0,2,0,1,2867.584359,0.642617,2866.941742,0.0,0.231152,0.21142,0.100349,0.020251,0,0,8,6,0,0,14
M-033,medium,G-only,0,1,4244.917,1361,1,0.5,0.625,0,2,0,1,4230.273396,1.865899,4228.407497,0.0,1.025788,0.498307,0.148137,0.035552,0,0,8,6,0,0,14
M-034,medium,G-only,0,1,2678.819,1450,1,0.5,0.5875,0,2,0,1,2661.201713,0.309837,2660.891876,0.0,0.095311,0.105858,0.056623,0.013681,0,0,8,6,0,0,14
M-035,medium,G-only,0,1,3527.265,1377,1,0.5,0.6625,0,2,0,1,3518.929031,1.83857,3517.090461,0.0,0.290823,1.199947,0.137344,0.054808,0,0,8,6,0,0,14
M-036,medium,G-only,0,1,2752.825,1460,1,0.5,0.625,0,2,0,1,2737.043688,0.433873,2736.609815,0.0,0.12158,0.14917,0.086087,0.020504,0,0,8,6,0,0,14
M-037,medium,G-only,0,1,3209.734,1387,1,0.5,0.625,0,2,0,1,3193.220798,0.388915,3192.831883,0.0,0.101443,0.137793,0.081621,0.018246,0,0,8,6,0,0,14
M-038,medium,G-only,0,1,2949.22,1523,1,0.5,0.625,0,2,0,1,2936.868907,1.192174,2935.676733,0.0,0.838318,0.177693,0.09456,0.020498,0,0,8,6,0,0,14
M-039,medium,G-only,0,1,2950.374,1392,1,0.5,0.6438,0,2,0,1,2936.436508,0.845862,2935.590646,0.0,0.219204,0.288267,0.134008,0.035644,0,0,8,6,0,0,14
M-040,medium,G-only,0,1,3129.729,1416,1,0.5,0.6063,0,2,0,1,3115.081497,0.361286,3114.720211,0.0,0.092459,0.131344,0.076139,0.016473,0,0,8,6,0,0,14
M-041,medium,G-only,0,1,4187.67,1414,1,0.5,0.6063,0,2,0,1,4177.226921,0.537275,4176.689646,0.0,0.131987,0.186576,0.105776,0.037279,0,0,8,6,0,0,14
M-042,medium,G-only,0,1,2860.187,1436,1,0.5,0.6438,0,2,0,1,2859.952766,0.907073,2859.045693,0.0,0.195156,0.227977,0.328217,0.037177,0,0,8,6,0,0,14
M-043,medium,G-only,0,1,4802.502,1499,1,0.5,0.625,0,2,0,1,4783.772608,0.723551,4783.049057,0.0,0.235537,0.248218,0.121711,0.02825,0,0,8,6,0,0,14
M-044,medium,G-only,0,1,3255.299,1532,1,0.5,0.625,0,2,0,1,3238.134089,0.504906,3237.629183,0.0,0.130582,0.218214,0.081832,0.017984,0,0,8,6,0,0,14
H-000,high,G-only,0,1,4759.994,1481,0,0.5,0.1955,0,3,0,1,4743.595737,0.613456,4742.982281,0.0,0.151951,0.238717,0.112147,0.025968,0,0,11,6,0,0,19
H-001,high,G-only,0,1,3004.734,1575,0,0.5,0.1818,0,3,0,1,2997.353005,2.548547,2994.804458,0.0,0.585209,1.461353,0.319082,0.037856,0,0,11,6,0,0,19
H-002,high,G-only,0,1,2743.077,1387,0,0.5,0.1818,0,3,0,1,2728.346289,0.267928,2728.078361,0.0,0.072586,0.099197,0.051466,0.011798,0,0,11,6,0,0,19
H-003,high,G-only,0,1,4021.479,1574,0,0.5,0.1273,0,3,0,1,4005.455357,0.822277,4004.63308,0.0,0.154898,0.198885,0.115742,0.028572,0,0,11,6,0,0,19
H-004,high,G-only,0,1,3345.204,1573,0,0.5,0.1955,0,3,0,1,3334.582577,0.352091,3334.230486,0.0,0.089893,0.140287,0.063954,0.016927,0,0,11,6,0,0,19
H-005,high,G-only,0,1,2957.393,1594,0,0.5,0.1818,0,3,0,1,2938.335703,0.406613,2937.92909,0.0,0.103934,0.138848,0.094541,0.017337,0,0,11,6,0,0,19
H-006,high,G-only,0,1,3204.483,1559,0,0.5,0.1273,0,3,0,1,3188.028607,0.68871,3187.339897,0.0,0.133968,0.342119,0.120288,0.024418,0,0,11,6,0,0,19
H-007,high,G-only,0,1,3138.294,1542,0,0.5,0.1818,0,3,0,1,3121.830878,0.431532,3121.399346,0.0,0.104914,0.154747,0.100961,0.017487,0,0,11,6,0,0,19
H-008,high,G-only,0,1,2782.563,1454,0,0.5,0.1955,0,3,0,1,2767.139596,0.438477,2766.701119,0.0,0.133059,0.14083,0.091193,0.019099,0,0,11,6,0,0,19
H-009,high,G-only,0,1,3126.473,1546,0,0.5,0.1409,0,3,0,1,3108.56309,0.363893,3108.199197,0.0,0.083026,0.155889,0.06873,0.013929,0,0,11,6,0,0,19
H-010,high,G-only,0,1,2935.886,1603,0,0.5,0.1545,0,3,0,1,2922.74414,0.684795,2922.059345,0.0,0.173848,0.281118,0.117342,0.028052,0,0,11,6,0,0,19
H-011,high,G-only,0,1,2590.012,1550,0,0.5,0.1818,0,3,0,1,2575.82076,0.60108,2575.21968,0.0,0.12884,0.186018,0.10744,0.024225,0,0,11,6,0,0,19
H-012,high,G-only,0,1,3246.605,1508,0,0.5,0.1545,0,3,0,1,3229.48115,0.550366,3228.930784,0.0,0.140347,0.176963,0.134912,0.021459,0,0,11,6,0,0,19
H-013,high,G-only,0,1,5202.919,1518,0,0.5,0.1818,0,3,0,1,5184.317236,0.538588,5183.778648,0.0,0.115422,0.237875,0.104175,0.020353,0,0,11,6,0,0,19
H-014,high,G-only,0,1,3267.486,1550,0,0.5,0.1682,0,3,0,1,3248.661812,0.400225,3248.261587,0.0,0.101065,0.143794,0.088453,0.017966,0,0,11,6,0,0,19
H-015,high,G-only,0,1,2946.367,1482,0,0.5,0.1545,0,3,0,1,2929.287931,0.971742,2928.316189,0.0,0.318141,0.38341,0.140248,0.029557,0,0,11,6,0,0,19
H-016,high,G-only,0,1,5834.973,1517,0,0.5,0.1545,0,3,0,1,5823.392814,0.899094,5822.49372,0.0,0.185368,0.383499,0.151384,0.035262,0,0,11,6,0,0,19
H-017,high,G-only,0,1,2848.202,1486,0,0.5,0.1682,0,3,0,1,2833.684974,1.266242,2832.418732,0.0,0.291694,0.218544,0.116783,0.029964,0,0,11,6,0,0,19
H-018,high,G-only,0,1,3218.316,1570,0,0.5,0.1682,0,3,0,1,3203.781895,0.863846,3202.918049,0.0,0.186338,0.310289,0.142712,0.036577,0,0,11,6,0,0,19
H-019,high,G-only,0,1,4038.015,1462,0,0.5,0.1545,0,3,0,1,4022.702135,0.459483,4022.242652,0.0,0.11518,0.158297,0.106679,0.020051,0,0,11,6,0,0,19
H-020,high,G-only,0,1,3007.101,1527,0,0.5,0.1545,0,3,0,1,2997.671256,0.615842,2997.055414,0.0,0.191476,0.203451,0.097436,0.030295,0,0,11,6,0,0,19
H-021,high,G-only,0,1,2979.313,1556,0,0.5,0.1545,0,3,0,1,2966.395593,6.159651,2960.235942,0.0,0.296389,5.051945,0.528226,0.065278,0,0,11,6,0,0,19
H-022,high,G-only,0,1,3633.216,1527,0,0.5,0.1682,0,3,0,1,3653.408492,0.785227,3652.623265,0.0,0.197527,0.267488,0.209911,0.030201,0,0,11,6,0,0,19
H-023,high,G-only,0,1,2953.151,1473,0,0.5,0.1818,0,3,0,1,2936.497398,0.750337,2935.747061,0.0,0.14764,0.217895,0.198685,0.024725,0,0,11,6,0,0,19
H-024,high,G-only,0,1,3222.76,1547,0,0.5,0.2091,0,3,0,1,3207.431794,0.534574,3206.89722,0.0,0.122953,0.174946,0.150171,0.022013,0,0,11,6,0,0,19
H-025,high,G-only,0,1,3598.217,1566,0,0.5,0.1955,0,3,0,1,3585.43638,0.422788,3585.013592,0.0,0.108545,0.143013,0.089931,0.02735,0,0,11,6,0,0,19
H-026,high,G-only,0,1,3939.108,1559,0,0.5,0.1545,0,3,0,1,3925.693588,0.704859,3924.988729,0.0,0.244475,0.205844,0.144634,0.025279,0,0,11,6,0,0,19
H-027,high,G-only,0,1,2962.927,1410,0,0.5,0.2091,0,3,0,1,2960.351253,0.809233,2959.54202,0.0,0.215653,0.252425,0.177364,0.034288,0,0,11,6,0,0,19
H-028,high,G-only,0,1,2558.068,1385,0,0.5,0.1955,0,3,0,1,2549.709456,0.264775,2549.444681,0.0,0.072805,0.095964,0.050807,0.012019,0,0,11,6,0,0,19
H-029,high,G-only,0,1,3847.427,1501,0,0.5,0.1545,0,3,0,1,3833.023621,0.537179,3832.486442,0.0,0.146732,0.181722,0.114909,0.025314,0,0,11,6,0,0,19
H-030,high,G-only,0,1,4241.685,1541,0,0.5,0.1818,0,3,0,1,4226.2774,0.51717,4225.76023,0.0,0.118592,0.181021,0.130776,0.016454,0,0,11,6,0,0,19
H-031,high,G-only,0,1,3278.235,1437,0,0.5,0.1955,0,3,0,1,3258.833297,0.584078,3258.249219,0.0,0.13401,0.224435,0.121442,0.024645,0,0,11,6,0,0,19
H-032,high,G-only,0,1,4087.573,1480,0,0.5,0.1682,0,3,0,1,4071.203003,0.759681,4070.443322,0.0,0.171946,0.282551,0.133308,0.03339,0,0,11,6,0,0,19
H-033,high,G-only,0,1,2847.899,1327,0,0.5,0.1818,0,3,0,1,2833.74879,0.368047,2833.380743,0.0,0.091837,0.134366,0.077696,0.016564,0,0,11,6,0,0,19
H-034,high,G-only,0,1,4952.782,1544,0,0.5,0.1955,0,3,0,1,4939.778758,0.417151,4939.361607,0.0,0.111306,0.125474,0.104105,0.020147,0,0,11,6,0,0,19
H-035,high,G-only,0,1,2816.577,1434,0,0.5,0.1409,0,3,0,1,2802.026829,0.43609,2801.590739,0.0,0.101822,0.144395,0.091666,0.019588,0,0,11,6,0,0,19
H-036,high,G-only,0,1,4104.394,1393,0,0.5,0.1682,0,3,0,1,4085.0744,0.581688,4084.492712,0.0,0.11261,0.190134,0.101549,0.020776,0,0,11,6,0,0,19
H-037,high,G-only,0,1,2917.705,1427,0,0.5,0.1545,0,3,0,1,2900.172996,0.406354,2899.766642,0.0,0.105465,0.129463,0.066099,0.017585,0,0,11,6,0,0,19
H-038,high,G-only,0,1,2900.681,1391,0,0.5,0.1818,0,3,0,1,2882.438551,0.309701,2882.12885,0.0,0.081595,0.109731,0.066857,0.013862,0,0,11,6,0,0,19
H-039,high,G-only,0,1,5604.903,1524,0,0.5,0.1818,0,3,0,1,5590.951532,1.018906,5589.932626,0.0,0.197489,0.408527,0.260926,0.027632,0,0,11,6,0,0,19
H-040,high,G-only,0,1,4875.658,1558,0,0.5,0.1682,0,3,0,1,4881.65707,0.338363,4881.318707,0.0,0.087191,0.122493,0.071187,0.014501,0,0,11,6,0,0,19
H-041,high,G-only,0,1,3003.511,1496,0,0.5,0.1545,0,3,0,1,2990.106955,0.706701,2989.400254,0.0,0.145768,0.354107,0.103023,0.026243,0,0,11,6,0,0,19
H-042,high,G-only,0,1,3667.527,1373,0,0.5,0.1682,0,3,0,1,3647.71215,0.413287,3647.298863,0.0,0.095604,0.140509,0.104944,0.019601,0,0,11,6,0,0,19
H-043,high,G-only,0,1,3009.726,1434,0,0.5,0.1409,0,3,0,1,2997.021782,0.577929,2996.443853,0.0,0.095804,0.330143,0.087389,0.016036,0,0,11,6,0,0,19
H-044,high,G-only,0,1,2730.855,1603,0,0.5,0.1409,0,3,0,1,2711.808659,0.608443,2711.200216,0.0,0.130086,0.257781,0.113757,0.025099,0,0,11,6,0,0,19
L-000,low,Full,1,1,14167.991,2957,1,0.5249,0.91,1,1,4,1,2786.125553,1.246817,2784.261523,0.617213,0.265126,0.511622,0.197867,0.100386,1,0,5,12,0,0,9
L-001,low,Full,1,1,14020.628,3008,0,0.6631,0.46,1,1,4,1,2984.286454,0.673998,2982.625534,0.986922,0.171957,0.246921,0.094159,0.02899,1,0,5,12,0,0,9
L-002,low,Full,1,1,12590.783,2971,0,0.6289,0.16,0,1,4,1,2800.539531,1.440367,2795.543181,3.555983,0.297058,0.716696,0.136154,0.0593,0,0,5,12,0,0,9
L-003,low,Full,1,1,14428.274,3065,0,0.5222,0.19,0,1,4,1,4486.717642,0.601329,4485.772713,0.3436,0.12853,0.236465,0.096445,0.024979,0,0,5,12,0,0,9
L-004,low,Full,1,1,13238.398,3004,0,0.6603,0.19,0,1,4,1,3214.6761,0.59205,3213.665552,0.418498,0.148838,0.220728,0.09902,0.034092,0,0,5,12,0,0,9
L-005,low,Full,1,1,16520.036,3080,1,0.7118,0.88,1,1,4,1,4667.70717,1.200414,4666.082953,0.423803,0.290791,0.50783,0.131636,0.053349,1,0,5,12,0,0,9
L-006,low,Full,1,1,12111.013,2918,1,0.5,0.91,1,1,4,1,2483.060237,0.79223,2481.89637,0.371637,0.19386,0.308519,0.132908,0.049563,1,0,5,12,0,0,9
L-007,low,Full,1,1,12970.48,3090,0,0.6276,0.52,1,1,4,1,3066.901036,0.647348,3065.840079,0.413609,0.159373,0.243763,0.11304,0.024923,1,0,5,12,0,0,9
L-008,low,Full,1,1,12569.873,2996,0,0.7327,0.16,0,1,4,1,3199.807484,1.195098,3198.212327,0.400059,0.310821,0.481202,0.144757,0.053796,0,0,5,12,0,0,9
L-009,low,Full,1,1,13773.715,3035,1,0.5,0.94,1,1,4,1,3040.779244,3.965331,3036.383967,0.429946,0.80927,0.65355,0.887698,0.072917,1,0,5,12,0,0,9
L-010,low,Full,1,1,13774.934,3061,0,0.6727,0.19,0,1,4,1,3718.933907,0.545965,3717.945452,0.44249,0.132887,0.224835,0.067231,0.025929,0,0,5,12,0,0,9
L-011,low,Full,1,1,13230.868,2922,1,0.7205,0.79,2,1,4,1,3463.847813,0.503024,3462.906502,0.438287,0.132868,0.200489,0.066489,0.02413,1,1,5,12,0,0,9
L-012,low,Full,1,1,15358.463,3069,0,0.5279,0.4,1,1,4,1,3441.949246,0.609173,3440.883928,0.456145,0.148212,0.256366,0.085068,0.025868,1,0,5,12,0,0,9
L-013,low,Full,1,1,13640.716,3020,0,0.55,0.49,1,1,4,1,3065.179343,0.621021,3064.148108,0.410214,0.130563,0.271147,0.091577,0.024044,1,0,5,12,0,0,9
L-014,low,Full,1,1,14788.179,3097,0,0.6666,0.22,0,1,4,1,4847.988052,0.818486,4846.2652,0.904366,0.205087,0.333452,0.120181,0.03937,0,0,5,12,0,0,9
L-015,low,Full,1,1,84401.694,2920,1,0.5,0.97,1,1,4,1,2736.633791,0.973371,2735.292469,0.367951,0.356587,0.319889,0.120109,0.043998,1,0,5,12,0,0,9
L-016,low,Full,1,1,14561.173,3009,1,0.5701,0.91,1,1,4,1,3829.895828,1.172019,3828.334024,0.389785,0.264194,0.438669,0.123857,0.053869,1,0,5,12,0,0,9
L-017,low,Full,1,1,13405.097,2927,1,0.5298,0.91,1,1,4,1,4012.312916,0.808604,4011.063612,0.4407,0.158872,0.416246,0.105878,0.030807,1,0,5,12,0,0,9
L-018,low,Full,1,1,14638.99,2876,1,0.613,0.94,1,1,4,1,2838.606423,0.447234,2837.75371,0.405479,0.101661,0.171072,0.078709,0.017456,1,0,5,12,0,0,9
L-019,low,Full,1,1,13197.811,3092,0,0.5528,0.46,1,1,4,1,3074.199579,1.601686,3072.167124,0.430769,0.30504,0.645678,0.095022,0.053688,1,0,5,12,0,0,9
L-020,low,Full,1,1,13722.685,2940,1,0.5,0.97,1,1,4,1,4449.839313,0.716394,4448.740633,0.382286,0.174493,0.271955,0.108403,0.03246,1,0,5,12,0,0,9
L-021,low,Full,1,1,14611.692,3073,1,0.5811,0.91,1,1,4,1,3485.191195,0.774603,3484.034108,0.382484,0.232458,0.285109,0.109324,0.037221,1,0,5,12,0,0,9
L-022,low,Full,1,1,14270.243,2963,0,0.6257,0.46,1,1,4,1,2729.386588,0.870346,2728.09523,0.421012,0.154012,0.489579,0.103055,0.030036,1,0,5,12,0,0,9
L-023,low,Full,1,1,17407.993,2975,0,0.55,0.49,1,1,4,1,7903.758311,0.633711,7902.761752,0.362848,0.142455,0.257737,0.121975,0.026868,1,0,5,12,0,0,9
L-024,low,Full,1,1,13581.845,3061,0,0.6727,0.19,0,1,4,1,3322.645149,1.094314,3321.143223,0.407612,0.197268,0.609708,0.099349,0.037956,0,0,5,12,0,0,9
L-025,low,Full,1,1,13694.157,3058,1,0.5777,0.91,1,1,4,1,4011.267105,0.607076,4010.075445,0.584584,0.169156,0.240218,0.084295,0.026089,1,0,5,12,0,0,9
L-026,low,Full,1,1,16987.473,3053,0,0.6785,0.16,0,1,4,1,3709.264075,0.656088,3708.054814,0.553173,0.164245,0.284958,0.08635,0.028002,0,0,5,12,0,0,9
L-027,low,Full,1,1,12731.274,2983,1,0.5429,0.94,1,1,4,1,2894.700632,0.622838,2893.678343,0.399451,0.141082,0.236292,0.085188,0.026673,1,0,5,12,0,0,9
L-028,low,Full,1,1,13455.452,2938,1,0.5249,0.91,1,1,4,1,3943.86357,1.342957,3942.12858,0.392033,0.423114,0.540825,0.116775,0.056321,1,0,5,12,0,0,9
L-029,low,Full,1,1,12948.954,3064,0,0.5249,0.46,1,1,4,1,3519.515219,0.493521,3518.252732,0.768966,0.112377,0.207201,0.081814,0.019831,1,0,5,12,0,0,9
L-030,low,Full,1,1,14118.685,2941,0,0.5528,0.46,1,1,4,1,2781.408657,0.543388,2780.151454,0.713815,0.12588,0.222305,0.094524,0.022494,1,0,5,12,0,0,9
L-031,low,Full,1,1,15659.361,3013,0,0.6631,0.49,1,1,4,1,6179.53333,2.32162,6176.539345,0.672365,0.25851,1.628612,0.174811,0.080672,1,0,5,12,0,0,9
L-032,low,Full,1,1,13505.132,3021,1,0.613,0.97,1,1,4,1,3325.935332,1.169834,3324.356651,0.408847,0.205653,0.467905,0.097456,0.125398,1,0,5,12,0,0,9
L-033,low,Full,1,1,12734.933,2852,0,0.6289,0.19,0,1,4,1,2657.759429,1.027586,2656.275256,0.456587,0.226592,0.450178,0.108444,0.090345,0,0,5,12,0,0,9
L-034,low,Full,1,1,16685.955,3086,0,0.6843,0.19,0,1,4,1,2939.484534,0.911355,2938.205238,0.367941,0.151868,0.404298,0.227452,0.028375,0,0,5,12,0,0,9
L-035,low,Full,1,1,12796.532,3096,1,0.6631,0.94,1,1,4,1,2955.182536,0.64386,2954.053244,0.485432,0.16538,0.257327,0.097436,0.028438,1,0,5,12,0,0,9
L-036,low,Full,1,1,13944.498,3027,0,0.785,0.19,0,1,4,1,3821.115507,0.559752,3820.073008,0.482747,0.134683,0.227903,0.091948,0.023495,0,0,5,12,0,0,9
L-037,low,Full,1,1,18006.515,3042,0,0.55,0.49,1,1,4,1,8293.006763,0.648088,8291.934696,0.423979,0.1692,0.273564,0.083005,0.027891,1,0,5,12,0,0,9
L-038,low,Full,1,1,15353.086,3020,1,0.5492,0.88,1,1,4,1,4625.818179,1.07268,4624.121068,0.624431,0.235382,0.522747,0.115113,0.044334,1,0,5,12,0,0,9
L-039,low,Full,1,1,13018.335,2983,1,0.5564,0.94,1,1,4,1,3206.324361,1.207833,3204.548503,0.568025,0.224018,0.717671,0.0934,0.055497,1,0,5,12,0,0,9
L-040,low,Full,1,1,12951.722,3019,1,0.7406,0.97,1,1,4,1,2683.077725,0.845152,2681.186156,1.046417,0.191135,0.354188,0.094442,0.037687,1,0,5,12,0,0,9
L-041,low,Full,1,1,15121.729,3015,0,0.5915,0.49,1,1,4,1,5117.92862,0.538603,5116.939819,0.450198,0.126229,0.21136,0.096416,0.023078,1,0,5,12,0,0,9
L-042,low,Full,1,1,12341.03,3072,0,0.6858,0.16,0,1,4,1,2941.121694,0.632677,2940.037195,0.451822,0.162335,0.228527,0.087361,0.029003,0,0,5,12,0,0,9
L-043,low,Full,1,1,19664.462,2874,0,0.6385,0.19,0,1,4,1,5918.635877,0.685261,5917.01126,0.939356,0.232794,0.251497,0.091026,0.025971,0,0,5,12,0,0,9
L-044,low,Full,1,1,12854.91,3075,0,0.6666,0.22,0,1,4,1,3787.889673,1.150477,3786.321988,0.417208,0.288426,0.466893,0.118811,0.058337,0,0,5,12,0,0,9
M-000,medium,Full,1,1,13591.798,3037,1,0.75,0.9625,2,2,4,1,3831.994394,0.765544,3830.815415,0.413435,0.183257,0.312712,0.108003,0.058509,2,0,8,12,0,0,14
M-001,medium,Full,1,1,15034.471,3188,1,0.7293,0.925,2,2,4,1,3580.812852,0.655651,3579.16417,0.993031,0.240209,0.215107,0.080302,0.027368,2,0,8,12,0,0,14
M-002,medium,Full,1,1,13003.418,3109,1,0.598,0.775,1,2,4,1,3401.185145,0.671315,3400.066755,0.447075,0.17957,0.262878,0.107513,0.027326,1,0,8,12,0,0,14
M-003,medium,Full,1,1,14233.341,3135,1,0.6763,0.9062,2,2,4,1,4549.241751,0.512981,4548.298608,0.430162,0.147385,0.192892,0.081252,0.021566,2,0,8,12,0,0,14
M-004,medium,Full,1,1,16518.771,3036,1,0.7425,0.925,2,2,4,1,3159.361309,1.415935,3157.471738,0.473636,0.292978,0.542246,0.148585,0.144952,2,0,8,12,0,0,14
M-005,medium,Full,1,1,15564.817,3179,1,0.6076,0.6625,0,2,4,1,3091.327406,0.552966,3090.048855,0.725585,0.114631,0.207362,0.136517,0.020199,0,0,8,12,0,0,14
M-006,medium,Full,1,1,13606.972,3122,1,0.7369,0.9437,2,2,4,1,4010.232469,1.416257,4008.302777,0.513435,0.423761,0.565593,0.130638,0.053664,2,0,8,12,0,0,14
M-007,medium,Full,1,1,13380.367,3183,1,0.7563,0.925,2,2,4,1,2882.344559,1.925108,2880.013961,0.40549,1.086751,0.536628,0.130508,0.041411,2,0,8,12,0,0,14
M-008,medium,Full,1,1,15435.59,3214,1,0.6054,0.775,1,2,4,1,5339.296862,0.991651,5337.716754,0.588457,0.218607,0.380055,0.123315,0.046075,1,0,8,12,0,0,14
M-009,medium,Full,1,1,14903.515,3147,1,0.7451,0.7937,1,2,4,1,3305.332297,1.109584,3303.659101,0.563612,0.188265,0.438963,0.116413,0.241044,1,0,8,12,0,0,14
M-010,medium,Full,1,1,14824.077,3084,1,0.7268,0.925,2,2,4,1,4836.998316,0.681611,4835.895539,0.421166,0.142459,0.280655,0.138288,0.026109,2,0,8,12,0,0,14
M-011,medium,Full,1,1,16819.264,3099,1,0.7369,0.9437,2,2,4,1,4351.410739,0.566195,4350.335385,0.509159,0.129176,0.218379,0.116576,0.022354,2,0,8,12,0,0,14
M-012,medium,Full,1,1,14549.496,2914,1,0.7631,0.925,2,2,4,1,3670.075145,1.116597,3668.360233,0.598315,0.2319,0.4082,0.310681,0.038214,2,0,8,12,0,0,14
M-013,medium,Full,1,1,15230.769,2999,1,0.6353,0.775,1,2,4,1,4003.946852,0.705997,4002.803523,0.437332,0.167325,0.312192,0.101293,0.030035,1,0,8,12,0,0,14
M-014,medium,Full,1,1,12698.761,3034,1,0.7013,0.925,2,2,4,1,2865.155574,1.51258,2863.113634,0.52936,0.274844,0.791056,0.176798,0.05652,2,0,8,12,0,0,14
M-015,medium,Full,1,1,14341.417,3169,1,0.75,0.9062,2,2,4,1,3185.201717,1.096422,3183.514413,0.590882,0.302565,0.425721,0.174485,0.040163,2,0,8,12,0,0,14
M-016,medium,Full,1,1,13652.525,3115,1,0.7904,0.9625,2,2,4,1,3212.472221,1.264973,3210.316703,0.890545,0.307103,0.455265,0.156307,0.077317,2,0,8,12,0,0,14
M-017,medium,Full,1,1,15367.298,3057,1,0.5669,0.7937,1,2,4,1,3912.754659,0.630562,3911.592396,0.531701,0.15885,0.24301,0.113993,0.030537,1,0,8,12,0,0,14
M-018,medium,Full,1,1,13305.932,3099,1,0.7091,0.7937,1,2,4,1,2906.62124,0.832886,2905.328027,0.460327,0.186004,0.360398,0.147852,0.031506,1,0,8,12,0,0,14
M-019,medium,Full,1,1,69249.488,3071,1,0.7359,0.925,2,2,4,1,2825.696281,0.649853,2824.582594,0.463834,0.135122,0.292082,0.110048,0.02584,2,0,8,12,0,0,14
M-020,medium,Full,1,1,14755.547,3130,1,0.6729,0.8125,1,2,4,1,3010.082482,1.12653,3008.408842,0.54711,0.24581,0.469497,0.163949,0.050136,1,0,8,12,0,0,14
M-021,medium,Full,1,1,14893.423,3191,1,0.8523,0.9437,2,2,4,1,3595.76568,0.790956,3594.3778,0.596924,0.21171,0.296572,0.123486,0.037622,2,0,8,12,0,0,14
M-022,medium,Full,1,1,14538.842,3098,1,0.659,0.925,2,2,4,1,3026.465353,1.582504,3024.283913,0.598936,0.506944,0.588419,0.175225,0.106879,2,0,8,12,0,0,14
M-023,medium,Full,1,1,12990.623,3092,0,0.536,0.3625,1,2,4,1,3254.103377,4.158208,3249.33048,0.614689,0.275306,3.384084,0.15965,0.084416,1,0,8,12,0,0,14
M-024,medium,Full,1,1,17372.552,3165,1,0.775,0.9437,2,2,4,1,4087.613262,1.23524,4085.978306,0.399716,0.734019,0.282207,0.100322,0.029114,2,0,8,12,0,0,14
M-025,medium,Full,1,1,22507.659,3136,1,0.8611,0.85,3,2,4,1,10224.339879,1.071341,10222.768922,0.499616,0.202054,0.426895,0.127394,0.155524,2,1,8,12,0,0,14
M-026,medium,Full,1,1,14383.697,2929,1,0.7432,0.9437,2,2,4,1,2940.522973,0.973873,2939.091427,0.457673,0.24795,0.371684,0.098177,0.045488,2,0,8,12,0,0,14
M-027,medium,Full,1,1,14265.812,3118,1,0.7029,0.925,2,2,4,1,3584.170991,1.029564,3582.596804,0.544623,0.253666,0.428114,0.140783,0.042696,2,0,8,12,0,0,14
M-028,medium,Full,1,1,14416.584,3132,1,0.734,0.925,2,2,4,1,3567.527317,1.568348,3565.481737,0.477232,0.347522,0.73492,0.162577,0.070165,2,0,8,12,0,0,14
M-029,medium,Full,1,1,19198.517,3131,1,0.6887,0.8125,1,2,4,1,8199.74433,0.407864,8198.867324,0.469142,0.101991,0.14957,0.075109,0.019351,1,0,8,12,0,0,14
M-030,medium,Full,1,1,15518.277,3197,1,0.6752,0.925,2,2,4,1,3046.436978,2.084702,3043.679753,0.672523,1.389016,0.403868,0.127278,0.035613,2,0,8,12,0,0,14
M-031,medium,Full,1,1,18613.572,3041,1,0.8155,0.8875,2,2,4,1,6445.263171,0.681252,6443.427219,1.1547,0.165466,0.254889,0.130253,0.029854,2,0,8,12,0,0,14
M-032,medium,Full,1,1,15712.498,3199,1,0.7756,0.7937,1,2,4,1,3629.69889,0.904688,3628.197409,0.596793,0.180598,0.395167,0.124786,0.070586,1,0,8,12,0,0,14
M-033,medium,Full,1,1,21217.646,2989,1,0.7631,0.925,2,2,4,1,4600.434947,0.858734,4599.080596,0.495617,0.217063,0.333187,0.125726,0.046915,2,0,8,12,0,0,14
M-034,medium,Full,1,1,19258.028,3093,1,0.6624,0.7375,1,2,4,1,3069.892936,0.747572,3068.6787,0.466664,0.170832,0.317071,0.102153,0.034731,1,0,8,12,0,0,14
M-035,medium,Full,1,1,13980.502,3109,1,0.6729,0.8125,1,2,4,1,2867.009832,0.607811,2865.886717,0.515304,0.152625,0.230801,0.100279,0.029605,1,0,8,12,0,0,14
M-036,medium,Full,1,1,18319.188,3187,1,0.663,0.775,1,2,4,1,3708.241115,0.630394,3706.444651,1.16607,0.166987,0.241642,0.103514,0.027383,1,0,8,12,0,0,14
M-037,medium,Full,1,1,18159.195,3054,1,0.6305,0.775,1,2,4,1,7544.073012,0.770727,7542.667984,0.634301,0.185627,0.303934,0.127599,0.031994,1,0,8,12,0,0,14
M-038,medium,Full,1,1,13829.935,3222,1,0.6289,0.775,1,2,4,1,3111.611935,1.219877,3109.859725,0.532333,0.454244,0.372474,0.173669,0.048463,1,0,8,12,0,0,14
M-039,medium,Full,1,1,13930.525,3072,1,0.7432,0.9437,2,2,4,1,3293.76145,0.504589,3292.772981,0.48388,0.129073,0.19678,0.079549,0.020678,2,0,8,12,0,0,14
M-040,medium,Full,1,1,16921.665,3118,1,0.6718,0.7562,1,2,4,1,3573.241308,0.894521,3571.905848,0.440939,0.191155,0.407609,0.124917,0.036809,1,0,8,12,0,0,14
M-041,medium,Full,1,1,16142.148,3182,1,0.8176,0.9062,2,2,4,1,4498.886062,1.704517,4496.750042,0.431503,0.304505,0.669086,0.203434,0.265959,2,0,8,12,0,0,14
M-042,medium,Full,1,1,14706.193,3122,1,0.733,0.9437,2,2,4,1,3737.449503,2.016814,3734.84968,0.583009,0.472636,0.358362,0.142072,0.062764,2,0,8,12,0,0,14
M-043,medium,Full,1,1,15117.247,3212,1,0.6678,0.775,1,2,4,1,4611.885231,1.685565,4609.674632,0.525034,0.268098,0.637481,0.550431,0.050986,1,0,8,12,0,0,14
M-044,medium,Full,1,1,13932.986,3192,1,0.5,0.625,0,2,4,1,3377.216953,0.750957,3375.903601,0.562395,0.176772,0.288589,0.157605,0.028423,0,0,8,12,0,0,14
H-000,high,Full,1,1,15510.002,3291,1,0.7126,0.8455,2,3,4,1,4288.593395,1.770951,4285.716667,1.105777,0.393115,0.993191,0.157466,0.04783,2,0,11,12,0,0,19
H-001,high,Full,1,1,13184.779,3270,1,0.6639,0.8318,2,3,4,1,2931.344911,1.195689,2929.005769,1.143453,0.129473,0.837631,0.111655,0.021986,2,0,11,12,0,0,19
H-002,high,Full,1,1,15102.041,3101,1,0.6379,0.8318,2,3,4,1,2897.801667,0.642611,2896.648777,0.510279,0.14513,0.268592,0.123914,0.023182,2,0,11,12,0,0,19
H-003,high,Full,1,1,16207.767,3262,1,0.6428,0.8773,3,3,4,1,4971.121566,4.162946,4966.352286,0.606334,1.032316,2.232966,0.128141,0.12583,3,0,11,12,0,0,19
H-004,high,Full,1,1,12544.845,3195,1,0.5388,0.8455,2,3,4,1,3031.153847,1.546778,3028.956064,0.651005,0.711544,0.406302,0.264565,0.039609,2,0,11,12,0,0,19
H-005,high,Full,1,1,13502.297,3170,1,0.7286,0.9318,3,3,4,1,2834.181394,0.685674,2833.012198,0.483522,0.179786,0.255511,0.125457,0.029323,3,0,11,12,0,0,19
H-006,high,Full,1,1,14090.322,3329,0,0.5006,0.3273,2,3,4,1,3353.791214,0.802298,3352.483119,0.505797,0.185096,0.336895,0.119078,0.034613,2,0,11,12,0,0,19
H-007,high,Full,1,1,15906.074,3266,1,0.7037,0.9318,3,3,4,1,4176.313918,2.463461,4173.310788,0.539669,1.493513,0.481308,0.200581,0.06049,3,0,11,12,0,0,19
H-008,high,Full,1,1,16261.877,3217,1,0.7139,0.9455,3,3,4,1,3326.426739,0.600179,3325.312429,0.514131,0.127531,0.227208,0.145798,0.022547,3,0,11,12,0,0,19
H-009,high,Full,1,1,16322.632,3323,1,0.5538,0.6909,1,3,4,1,4056.84533,0.698703,4055.231558,0.915069,0.160052,0.258981,0.130075,0.030376,1,0,11,12,0,0,19
H-010,high,Full,1,1,13765.747,3331,1,0.6388,0.8045,2,3,4,1,3249.571775,1.221427,3247.18153,1.168818,0.262883,0.505969,0.162525,0.086085,2,0,11,12,0,0,19
H-011,high,Full,1,1,15331.244,3136,1,0.7084,0.9318,3,3,4,1,2824.019316,0.628691,2822.915602,0.475023,0.149415,0.23393,0.128092,0.027252,3,0,11,12,0,0,19
H-012,high,Full,1,1,12869.385,3293,1,0.6065,0.7045,1,3,4,1,2956.310214,0.811535,2954.905012,0.593667,0.171605,0.327408,0.170446,0.032028,1,0,11,12,0,0,19
H-013,high,Full,1,1,15678.594,3158,1,0.6533,0.9318,3,3,4,1,5457.665926,1.292399,5455.438076,0.935451,0.308522,0.503574,0.263586,0.042233,3,0,11,12,0,0,19
H-014,high,Full,1,1,15696.998,3212,1,0.6166,0.8182,2,3,4,1,3130.552868,1.046609,3128.745357,0.760902,0.228489,0.468589,0.128774,0.047027,2,0,11,12,0,0,19
H-015,high,Full,1,1,13320.769,3294,1,0.6087,0.8045,2,3,4,1,3132.816074,0.879681,3131.420659,0.515734,0.331256,0.253001,0.126499,0.033679,2,0,11,12,0,0,19
H-016,high,Full,1,1,14480.973,3222,1,0.8065,0.9045,3,3,4,1,4796.365346,0.531859,4795.337985,0.495502,0.100892,0.24137,0.108803,0.017798,3,0,11,12,0,0,19
H-017,high,Full,1,1,14326.721,3353,1,0.5,0.7182,1,3,4,1,3508.044682,1.131486,3506.296661,0.616535,0.251256,0.401023,0.214262,0.041299,1,0,11,12,0,0,19
H-018,high,Full,1,1,15678.809,3331,1,0.5869,0.8182,2,3,4,1,5214.228023,0.72859,5212.947146,0.552287,0.190803,0.270354,0.14014,0.032497,2,0,11,12,0,0,19
H-019,high,Full,1,1,12705.902,3042,1,0.552,0.8045,2,3,4,1,2889.442816,0.968338,2887.566915,0.907563,0.238278,0.398104,0.148061,0.042372,2,0,11,12,0,0,19
H-020,high,Full,1,1,13887.7,3229,0,0.6166,0.2545,1,3,4,1,3152.477578,1.946282,3149.921232,0.610064,0.181992,0.2865,1.342204,0.030139,1,0,11,12,0,0,19
H-021,high,Full,1,1,15728.587,3311,1,0.6201,0.8045,2,3,4,1,3696.000795,0.63973,3694.715597,0.645468,0.128272,0.286651,0.112149,0.026038,2,0,11,12,0,0,19
H-022,high,Full,1,1,13410.83,3191,1,0.6949,0.9182,3,3,4,1,3205.483826,0.564317,3203.017538,1.901971,0.13766,0.216664,0.103205,0.023084,3,0,11,12,0,0,19
H-023,high,Full,1,1,13786.519,3227,1,0.5852,0.8318,2,3,4,1,3801.188745,0.763587,3799.878016,0.547142,0.192487,0.289093,0.12012,0.038237,2,0,11,12,0,0,19
H-024,high,Full,1,1,12812.775,3214,1,0.7043,0.9591,3,3,4,1,2757.033371,1.065799,2755.415493,0.552079,0.224899,0.459759,0.162434,0.042843,3,0,11,12,0,0,19
H-025,high,Full,1,1,14889.675,3254,1,0.5944,0.8455,2,3,4,1,3303.80375,0.634492,3302.462067,0.707191,0.136857,0.224829,0.149785,0.02622,2,0,11,12,0,0,19
H-026,high,Full,1,1,13296.024,3221,1,0.6956,0.7545,3,3,4,1,3097.987713,1.712834,3095.360778,0.914101,0.304246,0.626902,0.222435,0.075114,2,1,11,12,0,0,19
H-027,high,Full,1,1,13429.291,3063,1,0.7,0.9591,3,3,4,1,3205.521857,0.727332,3204.174114,0.620411,0.15197,0.312699,0.117545,0.025919,3,0,11,12,0,0,19
H-028,high,Full,1,1,13307.5,3332,1,0.6558,0.8455,2,3,4,1,3383.250403,0.658229,3381.544,1.048174,0.163814,0.249325,0.118589,0.0299,2,0,11,12,0,0,19
H-029,high,Full,1,1,12991.984,3148,1,0.5682,0.8045,2,3,4,1,2889.639924,0.614324,2888.442754,0.582846,0.137737,0.242694,0.122394,0.025134,2,0,11,12,0,0,19
H-030,high,Full,1,1,13775.282,3184,1,0.5617,0.8318,2,3,4,1,3193.965887,0.881263,3192.4149,0.669724,0.258027,0.341945,0.143255,0.032461,2,0,11,12,0,0,19
H-031,high,Full,1,1,13366.48,3196,1,0.6826,0.8455,2,3,4,1,3160.867273,1.603167,3158.717324,0.546782,0.209955,1.095679,0.11941,0.034534,2,0,11,12,0,0,19
H-032,high,Full,1,1,13564.429,3171,1,0.5682,0.7182,1,3,4,1,2864.958146,0.877787,2863.565024,0.515335,0.229503,0.310337,0.149444,0.0419,1,0,11,12,0,0,19
H-033,high,Full,1,1,14692.765,3259,1,0.6749,0.9318,3,3,4,1,3166.701569,0.795397,3165.421903,0.484269,0.175843,0.310297,0.168914,0.033201,3,0,11,12,0,0,19
H-034,high,Full,1,1,15835.868,3242,1,0.72,0.9455,3,3,4,1,4968.725777,0.805722,4967.434262,0.485793,0.144666,0.303347,0.11952,0.15226,3,0,11,12,0,0,19
H-035,high,Full,1,1,14743.473,3231,1,0.6274,0.7909,2,3,4,1,3455.885061,0.731855,3454.569677,0.583529,0.17827,0.251976,0.120572,0.03452,2,0,11,12,0,0,19
H-036,high,Full,1,1,14576.164,3319,1,0.5564,0.8182,2,3,4,1,3257.752009,0.648944,3254.942215,2.16085,0.151167,0.249709,0.132961,0.028143,2,0,11,12,0,0,19
H-037,high,Full,1,1,13825.535,3103,1,0.5695,0.8045,2,3,4,1,2871.805958,0.60396,2870.549488,0.65251,0.160211,0.226139,0.105118,0.02658,2,0,11,12,0,0,19
H-038,high,Full,1,1,13316.872,3113,1,0.6329,0.8318,2,3,4,1,3019.591863,0.736047,3018.242022,0.613794,0.192342,0.243237,0.163547,0.034667,2,0,11,12,0,0,19
H-039,high,Full,1,1,17161.387,3326,0,0.5314,0.2818,1,3,4,1,6181.184699,1.494281,6179.113571,0.576847,0.293271,0.734803,0.171951,0.060767,1,0,11,12,0,0,19
H-040,high,Full,1,1,17765.676,3282,1,0.5869,0.8182,2,3,4,1,5155.534898,1.352798,5152.668113,1.513987,0.269613,0.611068,0.170268,0.056832,2,0,11,12,0,0,19
H-041,high,Full,1,1,13259.909,3339,0,0.6316,0.1545,0,3,4,1,3050.094064,2.188255,3047.295842,0.609967,0.41681,0.825535,0.267772,0.066791,0,0,11,12,0,0,19
H-042,high,Full,1,1,16941.879,3227,1,0.7661,0.9182,3,3,4,1,5890.820476,2.00858,5888.251061,0.560835,0.270749,1.319192,0.150668,0.055852,3,0,11,12,0,0,19
H-043,high,Full,1,1,13835.291,3250,1,0.5662,0.7909,2,3,4,1,3114.218026,0.722677,3112.933273,0.562076,0.175793,0.270708,0.143484,0.031515,2,0,11,12,0,0,19
H-044,high,Full,1,1,13495.957,3288,1,0.6173,0.7909,2,3,4,1,3015.183848,0.654004,3013.919567,0.610277,0.146017,0.238964,0.118979,0.027497,2,0,11,12,0,0,19
