scenario_id,tier,cell,delta_latency_ms,delta_tokens,z_latency,z_tokens,security_tax,band
H-000,high,Baseline,1298.321,70.8,-0.7631,-0.9449,-0.854,full-governance
H-001,high,Baseline,432.119,10.8,-0.9171,-1.0151,-0.9661,full-governance
H-002,high,Baseline,-421.328,-184.2,-1.0689,-1.2431,-1.156,full-governance
H-003,high,Baseline,503.251,-64.2,-0.9045,-1.1028,-1.0036,full-governance
H-004,high,Baseline,-489.275,15.8,-1.081,-1.0092,-1.0451,full-governance
H-005,high,Baseline,-534.426,75.8,-1.089,-0.9391,-1.014,full-governance
H-006,high,Baseline,330.817,74.8,-0.9351,-0.9402,-0.9377,full-governance
H-007,high,Baseline,-9.412,11.8,-0.9956,-1.0139,-1.0048,full-governance
H-008,high,Baseline,-400.112,70.8,-1.0651,-0.9449,-1.005,full-governance
H-009,high,Baseline,-373.596,38.8,-1.0604,-0.9823,-1.0214,full-governance
H-010,high,Baseline,-81.817,62.8,-1.0085,-0.9543,-0.9814,full-governance
H-011,high,Baseline,-428.956,61.8,-1.0703,-0.9554,-1.0128,full-governance
H-012,high,Baseline,-577.126,70.8,-1.0966,-0.9449,-1.0208,full-governance
H-013,high,Baseline,996.448,-11.2,-0.8168,-1.0408,-0.9288,full-governance
H-014,high,Baseline,-23.247,-37.2,-0.9981,-1.0712,-1.0347,full-governance
H-015,high,Baseline,399.758,-6.2,-0.9229,-1.035,-0.9789,full-governance
H-016,high,Baseline,948.65,36.8,-0.8253,-0.9847,-0.905,full-governance
H-017,high,Baseline,360.886,-35.2,-0.9298,-1.0689,-0.9993,full-governance
H-018,high,Baseline,-430.891,18.8,-1.0706,-1.0057,-1.0382,full-governance
H-019,high,Baseline,-705.625,-98.2,-1.1195,-1.1426,-1.131,full-governance
H-020,high,Baseline,-706.742,7.8,-1.1197,-1.0186,-1.0691,full-governance
H-021,high,Baseline,-337.33,57.8,-1.054,-0.9601,-1.007,full-governance
H-022,high,Baseline,-687.795,-204.2,-1.1163,-1.2665,-1.1914,full-governance
H-023,high,Baseline,-170.572,45.8,-1.0243,-0.9742,-0.9992,full-governance
H-024,high,Baseline,-717.387,9.8,-1.1216,-1.0163,-1.0689,full-governance
H-025,high,Baseline,-218.829,-16.2,-1.0329,-1.0467,-1.0398,full-governance
H-026,high,Baseline,-229.742,57.8,-1.0348,-0.9601,-0.9975,full-governance
H-027,high,Baseline,-256.855,-12.2,-1.0397,-1.042,-1.0408,full-governance
H-028,high,Baseline,-303.342,26.8,-1.0479,-0.9964,-1.0221,full-governance
H-029,high,Baseline,-271.63,22.8,-1.0423,-1.001,-1.0217,full-governance
H-030,high,Baseline,-373.075,53.8,-1.0603,-0.9648,-1.0126,full-governance
H-031,high,Baseline,-71.005,-24.2,-1.0066,-1.056,-1.0313,full-governance
H-032,high,Baseline,64.277,-9.2,-0.9825,-1.0385,-1.0105,full-governance
H-033,high,Baseline,250.881,-57.2,-0.9494,-1.0946,-1.022,full-governance
H-034,high,Baseline,192.669,-133.2,-0.9597,-1.1835,-1.0716,full-governance
H-035,high,Baseline,94.139,25.8,-0.9772,-0.9975,-0.9874,full-governance
H-036,high,Baseline,-405.033,0.8,-1.066,-1.0268,-1.0464,full-governance
H-037,high,Baseline,-733.938,-101.2,-1.1245,-1.1461,-1.1353,full-governance
H-038,high,Baseline,497.069,24.8,-0.9056,-0.9987,-0.9521,full-governance
H-039,high,Baseline,534.344,-75.2,-0.8989,-1.1157,-1.0073,full-governance
H-040,high,Baseline,2440.327,30.8,-0.56,-0.9917,-0.7758,full-governance
H-041,high,Baseline,222.705,61.8,-0.9544,-0.9554,-0.9549,full-governance
H-042,high,Baseline,1091.123,-17.2,-0.7999,-1.0478,-0.9239,full-governance
H-043,high,Baseline,-249.401,-11.2,-1.0383,-1.0408,-1.0396,full-governance
H-044,high,Baseline,-449.319,52.8,-1.0739,-0.966,-1.0199,full-governance
H-000,high,V-only,13393.974,1738.8,1.388,1.0059,1.197,adaptive-governance
H-001,high,V-only,9943.158,1690.8,0.7743,0.9498,0.862,adaptive-governance
H-002,high,V-only,16232.286,1592.8,1.8928,0.8351,1.364,adaptive-governance
H-003,high,V-only,12767.486,1565.8,1.2766,0.8036,1.0401,adaptive-governance
H-004,high,V-only,8884.071,1687.8,0.586,0.9462,0.7661,adaptive-governance
H-005,high,V-only,12259.064,1690.8,1.1862,0.9498,1.068,adaptive-governance
H-006,high,V-only,10444.324,1744.8,0.8635,1.0129,0.9382,adaptive-governance
H-007,high,V-only,11700.288,1644.8,1.0868,0.896,0.9914,adaptive-governance
H-008,high,V-only,11674.53,1710.8,1.0822,0.9731,1.0277,adaptive-governance
H-009,high,V-only,12851.881,1727.8,1.2916,0.993,1.1423,adaptive-governance
H-010,high,V-only,9876.368,1708.8,0.7625,0.9708,0.8666,adaptive-governance
H-011,high,V-only,12148.775,1635.8,1.1666,0.8854,1.026,adaptive-governance
H-012,high,V-only,10808.351,1672.8,0.9282,0.9287,0.9285,adaptive-governance
H-013,high,V-only,11545.749,1572.8,1.0593,0.8118,0.9355,adaptive-governance
H-014,high,V-only,11432.961,1639.8,1.0393,0.8901,0.9647,adaptive-governance
H-015,high,V-only,10306.873,1690.8,0.839,0.9498,0.8944,adaptive-governance
H-016,high,V-only,11030.976,1655.8,0.9678,0.9088,0.9383,adaptive-governance
H-017,high,V-only,13874.828,1594.8,1.4736,0.8375,1.1555,adaptive-governance
H-018,high,V-only,9147.1,1719.8,0.6328,0.9837,0.8082,adaptive-governance
H-019,high,V-only,9383.015,1610.8,0.6747,0.8562,0.7655,adaptive-governance
H-020,high,V-only,11306.563,1754.8,1.0168,1.0246,1.0207,adaptive-governance
H-021,high,V-only,10143.758,1696.8,0.81,0.9568,0.8834,adaptive-governance
H-022,high,V-only,9071.408,1693.8,0.6193,0.9533,0.7863,adaptive-governance
H-023,high,V-only,8939.803,1636.8,0.5959,0.8866,0.7413,adaptive-governance
H-024,high,V-only,9478.143,1716.8,0.6916,0.9802,0.8359,adaptive-governance
H-025,high,V-only,10721.638,1599.8,0.9128,0.8433,0.8781,adaptive-governance
H-026,high,V-only,10752.478,1705.8,0.9183,0.9673,0.9428,adaptive-governance
H-027,high,V-only,9103.378,1455.8,0.625,0.6749,0.65,adaptive-governance
H-028,high,V-only,9509.278,1693.8,0.6972,0.9533,0.8252,adaptive-governance
H-029,high,V-only,8902.523,1685.8,0.5893,0.9439,0.7666,adaptive-governance
H-030,high,V-only,8932.248,1591.8,0.5946,0.834,0.7143,adaptive-governance
H-031,high,V-only,11267.555,1594.8,1.0099,0.8375,0.9237,adaptive-governance
H-032,high,V-only,9529.31,1701.8,0.7007,0.9626,0.8317,adaptive-governance
H-033,high,V-only,11148.287,1507.8,0.9887,0.7357,0.8622,adaptive-governance
H-034,high,V-only,11709.14,1639.8,1.0884,0.8901,0.9893,adaptive-governance
H-035,high,V-only,10704.606,1683.8,0.9098,0.9416,0.9257,adaptive-governance
H-036,high,V-only,11800.781,1682.8,1.1047,0.9404,1.0226,adaptive-governance
H-037,high,V-only,10710.184,1666.8,0.9107,0.9217,0.9162,adaptive-governance
H-038,high,V-only,10593.443,1651.8,0.89,0.9041,0.8971,adaptive-governance
H-039,high,V-only,13380.798,1678.8,1.3857,0.9357,1.1607,adaptive-governance
H-040,high,V-only,11609.431,1751.8,1.0707,1.0211,1.0459,adaptive-governance
H-041,high,V-only,12777.964,1716.8,1.2785,0.9802,1.1293,adaptive-governance
H-042,high,V-only,10583.741,1636.8,0.8883,0.8866,0.8874,adaptive-governance
H-043,high,V-only,12577.208,1681.8,1.2428,0.9392,1.091,adaptive-governance
H-044,high,V-only,9961.178,1602.8,0.7775,0.8468,0.8122,adaptive-governance
H-000,high,G-only,1470.807,40.8,-0.7324,-0.98,-0.8562,full-governance
H-001,high,G-only,-284.453,134.8,-1.0446,-0.8701,-0.9573,full-governance
H-002,high,G-only,-546.11,-53.2,-1.0911,-1.0899,-1.0905,full-governance
H-003,high,G-only,732.292,133.8,-0.8637,-0.8712,-0.8675,full-governance
H-004,high,G-only,56.017,132.8,-0.984,-0.8724,-0.9282,full-governance
H-005,high,G-only,-331.794,153.8,-1.053,-0.8478,-0.9504,full-governance
H-006,high,G-only,-84.704,118.8,-1.009,-0.8888,-0.9489,full-governance
H-007,high,G-only,-150.893,101.8,-1.0208,-0.9087,-0.9647,full-governance
H-008,high,G-only,-506.624,13.8,-1.0841,-1.0116,-1.0478,full-governance
H-009,high,G-only,-162.714,105.8,-1.0229,-0.904,-0.9634,full-governance
H-010,high,G-only,-353.301,162.8,-1.0568,-0.8373,-0.9471,full-governance
H-011,high,G-only,-699.175,109.8,-1.1183,-0.8993,-1.0088,full-governance
H-012,high,G-only,-42.582,67.8,-1.0015,-0.9484,-0.975,full-governance
H-013,high,G-only,1913.732,77.8,-0.6536,-0.9367,-0.7952,full-governance
H-014,high,G-only,-21.701,109.8,-0.9978,-0.8993,-0.9486,full-governance
H-015,high,G-only,-342.82,41.8,-1.0549,-0.9788,-1.0169,full-governance
H-016,high,G-only,2545.786,76.8,-0.5412,-0.9379,-0.7396,full-governance
H-017,high,G-only,-440.985,45.8,-1.0724,-0.9742,-1.0233,full-governance
H-018,high,G-only,-70.871,129.8,-1.0066,-0.8759,-0.9412,full-governance
H-019,high,G-only,748.828,21.8,-0.8608,-1.0022,-0.9315,full-governance
H-020,high,G-only,-282.086,86.8,-1.0441,-0.9262,-0.9852,full-governance
H-021,high,G-only,-309.874,115.8,-1.0491,-0.8923,-0.9707,full-governance
H-022,high,G-only,344.029,86.8,-0.9328,-0.9262,-0.9295,full-governance
H-023,high,G-only,-336.036,32.8,-1.0537,-0.9894,-1.0215,full-governance
H-024,high,G-only,-66.427,106.8,-1.0058,-0.9028,-0.9543,full-governance
H-025,high,G-only,309.03,125.8,-0.939,-0.8806,-0.9098,full-governance
H-026,high,G-only,649.921,118.8,-0.8784,-0.8888,-0.8836,full-governance
H-027,high,G-only,-326.26,-30.2,-1.052,-1.063,-1.0575,full-governance
H-028,high,G-only,-731.119,-55.2,-1.124,-1.0923,-1.1081,full-governance
H-029,high,G-only,558.24,60.8,-0.8947,-0.9566,-0.9256,full-governance
H-030,high,G-only,952.498,100.8,-0.8246,-0.9098,-0.8672,full-governance
H-031,high,G-only,-10.952,-3.2,-0.9959,-1.0315,-1.0137,full-governance
H-032,high,G-only,798.386,39.8,-0.852,-0.9812,-0.9166,full-governance
H-033,high,G-only,-441.288,-113.2,-1.0725,-1.1601,-1.1163,full-governance
H-034,high,G-only,1663.595,103.8,-0.6981,-0.9063,-0.8022,full-governance
H-035,high,G-only,-472.61,-6.2,-1.078,-1.035,-1.0565,full-governance
H-036,high,G-only,815.207,-47.2,-0.849,-1.0829,-0.966,full-governance
H-037,high,G-only,-371.482,-13.2,-1.06,-1.0432,-1.0516,full-governance
H-038,high,G-only,-388.506,-49.2,-1.0631,-1.0853,-1.0742,full-governance
H-039,high,G-only,2315.716,83.8,-0.5821,-0.9297,-0.7559,full-governance
H-040,high,G-only,1586.471,117.8,-0.7118,-0.8899,-0.8009,full-governance
H-041,high,G-only,-285.676,55.8,-1.0448,-0.9625,-1.0036,full-governance
H-042,high,G-only,378.34,-67.2,-0.9267,-1.1063,-1.0165,full-governance
H-043,high,G-only,-279.461,-6.2,-1.0437,-1.035,-1.0393,full-governance
H-044,high,G-only,-558.332,162.8,-1.0933,-0.8373,-0.9653,full-governance
H-000,high,Full,12220.815,1850.8,1.1794,1.1369,1.1581,adaptive-governance
H-001,high,Full,9895.592,1829.8,0.7659,1.1123,0.9391,adaptive-governance
H-002,high,Full,11812.854,1660.8,1.1068,0.9147,1.0108,adaptive-governance
H-003,high,Full,12918.58,1821.8,1.3035,1.103,1.2032,adaptive-governance
H-004,high,Full,9255.658,1754.8,0.6521,1.0246,0.8383,adaptive-governance
H-005,high,Full,10213.11,1729.8,0.8223,0.9954,0.9089,adaptive-governance
H-006,high,Full,10801.135,1888.8,0.9269,1.1813,1.0541,adaptive-governance
H-007,high,Full,12616.887,1825.8,1.2498,1.1076,1.1787,adaptive-governance
H-008,high,Full,12972.69,1776.8,1.3131,1.0503,1.1817,adaptive-governance
H-009,high,Full,13033.445,1882.8,1.3239,1.1743,1.2491,adaptive-governance
H-010,high,Full,10476.56,1890.8,0.8692,1.1837,1.0264,adaptive-governance
H-011,high,Full,12042.057,1695.8,1.1476,0.9556,1.0516,adaptive-governance
H-012,high,Full,9580.198,1852.8,0.7098,1.1392,0.9245,adaptive-governance
H-013,high,Full,12389.407,1717.8,1.2094,0.9813,1.0954,adaptive-governance
H-014,high,Full,12407.811,1771.8,1.2127,1.0445,1.1286,adaptive-governance
H-015,high,Full,10031.582,1853.8,0.7901,1.1404,0.9652,adaptive-governance
H-016,high,Full,11191.786,1781.8,0.9964,1.0562,1.0263,adaptive-governance
H-017,high,Full,11037.534,1912.8,0.969,1.2094,1.0892,adaptive-governance
H-018,high,Full,12389.622,1890.8,1.2094,1.1837,1.1965,adaptive-governance
H-019,high,Full,9416.715,1601.8,0.6807,0.8457,0.7632,adaptive-governance
H-020,high,Full,10598.513,1788.8,0.8909,1.0644,0.9776,adaptive-governance
H-021,high,Full,12439.4,1870.8,1.2183,1.1603,1.1893,adaptive-governance
H-022,high,Full,10121.643,1750.8,0.8061,1.0199,0.913,adaptive-governance
H-023,high,Full,10497.332,1786.8,0.8729,1.062,0.9675,adaptive-governance
H-024,high,Full,9523.588,1773.8,0.6997,1.0468,0.8733,adaptive-governance
H-025,high,Full,11600.488,1813.8,1.0691,1.0936,1.0813,adaptive-governance
H-026,high,Full,10006.837,1780.8,0.7857,1.055,0.9203,adaptive-governance
H-027,high,Full,10140.104,1622.8,0.8094,0.8702,0.8398,adaptive-governance
H-028,high,Full,10018.313,1891.8,0.7877,1.1848,0.9863,adaptive-governance
H-029,high,Full,9702.797,1707.8,0.7316,0.9696,0.8506,adaptive-governance
H-030,high,Full,10486.095,1743.8,0.8709,1.0117,0.9413,adaptive-governance
H-031,high,Full,10077.293,1755.8,0.7982,1.0258,0.912,adaptive-governance
H-032,high,Full,10275.242,1730.8,0.8334,0.9965,0.915,adaptive-governance
H-033,high,Full,11403.578,1818.8,1.0341,1.0995,1.0668,adaptive-governance
H-034,high,Full,12546.681,1801.8,1.2374,1.0796,1.1585,adaptive-governance
H-035,high,Full,11454.286,1790.8,1.0431,1.0667,1.0549,adaptive-governance
H-036,high,Full,11286.977,1878.8,1.0133,1.1696,1.0915,adaptive-governance
H-037,high,Full,10536.348,1662.8,0.8798,0.917,0.8984,adaptive-governance
H-038,high,Full,10027.685,1672.8,0.7894,0.9287,0.859,adaptive-governance
H-039,high,Full,13872.2,1885.8,1.4731,1.1778,1.3255,adaptive-governance
H-040,high,Full,14476.489,1841.8,1.5806,1.1264,1.3535,adaptive-governance
H-041,high,Full,9970.722,1898.8,0.7792,1.193,0.9861,adaptive-governance
H-042,high,Full,13652.692,1786.8,1.434,1.062,1.248,adaptive-governance
H-043,high,Full,10546.104,1809.8,0.8816,1.0889,0.9853,adaptive-governance
H-044,high,Full,10206.77,1847.8,0.8212,1.1334,0.9773,adaptive-governance
L-000,low,Baseline,414.941,-9.0,-0.6916,-1.0455,-0.8686,full-governance
L-001,low,Baseline,-307.143,40.0,-0.7811,-0.9841,-0.8826,full-governance
L-002,low,Baseline,-365.978,-16.0,-0.7884,-1.0543,-0.9213,full-governance
L-003,low,Baseline,978.764,97.0,-0.6217,-0.9126,-0.7672,full-governance
L-004,low,Baseline,-527.374,103.0,-0.8084,-0.9051,-0.8567,full-governance
L-005,low,Baseline,770.208,31.0,-0.6476,-0.9954,-0.8215,full-governance
L-006,low,Baseline,-838.04,-129.0,-0.8469,-1.196,-1.0215,full-governance
L-007,low,Baseline,-313.458,96.0,-0.7819,-0.9138,-0.8479,full-governance
L-008,low,Baseline,-99.574,-40.0,-0.7554,-1.0844,-0.9199,full-governance
L-009,low,Baseline,-681.651,-36.0,-0.8275,-1.0794,-0.9535,full-governance
L-010,low,Baseline,-372.722,43.0,-0.7892,-0.9803,-0.8848,full-governance
L-011,low,Baseline,441.37,-76.0,-0.6883,-1.1296,-0.9089,full-governance
L-012,low,Baseline,-370.973,92.0,-0.789,-0.9189,-0.8539,full-governance
L-013,low,Baseline,-499.722,9.0,-0.805,-1.023,-0.914,full-governance
L-014,low,Baseline,1395.559,98.0,-0.5701,-0.9113,-0.7407,full-governance
L-015,low,Baseline,-711.952,7.0,-0.8313,-1.0255,-0.9284,full-governance
L-016,low,Baseline,-460.652,-34.0,-0.8001,-1.0769,-0.9385,full-governance
L-017,low,Baseline,67.468,-279.0,-0.7347,-1.3842,-1.0594,full-governance
L-018,low,Baseline,-495.805,42.0,-0.8045,-0.9816,-0.893,full-governance
L-019,low,Baseline,-700.516,12.0,-0.8298,-1.0192,-0.9245,full-governance
L-020,low,Baseline,1159.829,-53.0,-0.5993,-1.1007,-0.85,full-governance
L-021,low,Baseline,257.284,-6.0,-0.7111,-1.0418,-0.8765,full-governance
L-022,low,Baseline,-680.055,61.0,-0.8273,-0.9577,-0.8925,full-governance
L-023,low,Baseline,675.69,-39.0,-0.6593,-1.0832,-0.8712,full-governance
L-024,low,Baseline,-460.525,8.0,-0.8001,-1.0242,-0.9122,full-governance
L-025,low,Baseline,-305.665,101.0,-0.7809,-0.9076,-0.8442,full-governance
L-026,low,Baseline,-594.162,9.0,-0.8167,-1.023,-0.9198,full-governance
L-027,low,Baseline,-163.241,80.0,-0.7633,-0.9339,-0.8486,full-governance
L-028,low,Baseline,55.622,2.0,-0.7361,-1.0317,-0.8839,full-governance
L-029,low,Baseline,926.211,91.0,-0.6282,-0.9201,-0.7742,full-governance
L-030,low,Baseline,-560.787,-50.0,-0.8125,-1.097,-0.9547,full-governance
L-031,low,Baseline,-470.815,10.0,-0.8014,-1.0217,-0.9115,full-governance
L-032,low,Baseline,-522.606,-66.0,-0.8078,-1.117,-0.9624,full-governance
L-033,low,Baseline,-855.379,-75.0,-0.849,-1.1283,-0.9887,full-governance
L-034,low,Baseline,-561.83,14.0,-0.8127,-1.0167,-0.9147,full-governance
L-035,low,Baseline,-561.26,52.0,-0.8126,-0.969,-0.8908,full-governance
L-036,low,Baseline,419.1,-14.0,-0.6911,-1.0518,-0.8714,full-governance
L-037,low,Baseline,-549.356,-34.0,-0.8111,-1.0769,-0.944,full-governance
L-038,low,Baseline,1528.286,-21.0,-0.5536,-1.0606,-0.8071,full-governance
L-039,low,Baseline,-586.67,9.0,-0.8157,-1.023,-0.9193,full-governance
L-040,low,Baseline,-577.575,-28.0,-0.8146,-1.0694,-0.942,full-governance
L-041,low,Baseline,-528.111,-33.0,-0.8085,-1.0756,-0.9421,full-governance
L-042,low,Baseline,-528.668,56.0,-0.8085,-0.964,-0.8863,full-governance
L-043,low,Baseline,6247.865,-110.0,0.0313,-1.1722,-0.5704,full-governance
L-044,low,Baseline,-85.914,-13.0,-0.7537,-1.0506,-0.9021,full-governance
L-000,low,V-only,10442.535,1521.0,0.5512,0.8735,0.7123,adaptive-governance
L-001,low,V-only,10032.566,1606.0,0.5004,0.9801,0.7402,adaptive-governance
L-002,low,V-only,11986.566,1505.0,0.7426,0.8534,0.798,adaptive-governance
L-003,low,V-only,9629.891,1511.0,0.4505,0.8609,0.6557,adaptive-governance
L-004,low,V-only,9885.319,1610.0,0.4821,0.9851,0.7336,adaptive-governance
L-005,low,V-only,10526.533,1429.0,0.5616,0.7581,0.6598,adaptive-governance
L-006,low,V-only,8514.344,1395.0,0.3122,0.7154,0.5138,adaptive-governance
L-007,low,V-only,11098.76,1614.0,0.6325,0.9901,0.8113,adaptive-governance
L-008,low,V-only,10788.387,1460.0,0.5941,0.797,0.6955,adaptive-governance
L-009,low,V-only,8880.811,1494.0,0.3576,0.8396,0.5986,adaptive-governance
L-010,low,V-only,10190.838,1624.0,0.52,1.0027,0.7613,adaptive-governance
L-011,low,V-only,11199.176,1472.0,0.645,0.812,0.7285,adaptive-governance
L-012,low,V-only,11016.125,1567.0,0.6223,0.9312,0.7767,adaptive-governance
L-013,low,V-only,9104.188,1478.0,0.3853,0.8195,0.6024,adaptive-governance
L-014,low,V-only,11259.975,1605.0,0.6525,0.9788,0.8157,adaptive-governance
L-015,low,V-only,9485.917,1436.0,0.4326,0.7669,0.5997,adaptive-governance
L-016,low,V-only,9229.659,1510.0,0.4009,0.8597,0.6303,adaptive-governance
L-017,low,V-only,10207.85,1496.0,0.5221,0.8421,0.6821,adaptive-governance
L-018,low,V-only,10788.836,1461.0,0.5941,0.7982,0.6962,adaptive-governance
L-019,low,V-only,10636.963,1553.0,0.5753,0.9136,0.7444,adaptive-governance
L-020,low,V-only,12064.907,1482.0,0.7523,0.8246,0.7884,adaptive-governance
L-021,low,V-only,10312.208,1636.0,0.535,1.0177,0.7764,adaptive-governance
L-022,low,V-only,12777.179,1594.0,0.8406,0.965,0.9028,adaptive-governance
L-023,low,V-only,10702.914,1556.0,0.5835,0.9174,0.7504,adaptive-governance
L-024,low,V-only,10002.776,1529.0,0.4967,0.8835,0.6901,adaptive-governance
L-025,low,V-only,9844.488,1621.0,0.4771,0.9989,0.738,adaptive-governance
L-026,low,V-only,11355.509,1619.0,0.6644,0.9964,0.8304,adaptive-governance
L-027,low,V-only,10402.756,1524.0,0.5463,0.8772,0.7117,adaptive-governance
L-028,low,V-only,22207.248,1611.0,2.0093,0.9863,1.4978,adaptive-governance
L-029,low,V-only,16099.76,1599.0,1.2523,0.9713,1.1118,adaptive-governance
L-030,low,V-only,14132.53,1438.0,1.0085,0.7694,0.8889,adaptive-governance
L-031,low,V-only,14417.259,1623.0,1.0438,1.0014,1.0226,adaptive-governance
L-032,low,V-only,12559.881,1500.0,0.8136,0.8471,0.8304,adaptive-governance
L-033,low,V-only,9360.087,1565.0,0.417,0.9287,0.6728,adaptive-governance
L-034,low,V-only,14855.146,1491.0,1.0981,0.8358,0.967,adaptive-governance
L-035,low,V-only,9201.851,1543.0,0.3974,0.9011,0.6492,adaptive-governance
L-036,low,V-only,13953.14,1486.0,0.9863,0.8296,0.9079,adaptive-governance
L-037,low,V-only,13553.524,1471.0,0.9368,0.8108,0.8738,adaptive-governance
L-038,low,V-only,11690.545,1593.0,0.7059,0.9638,0.8348,adaptive-governance
L-039,low,V-only,9373.796,1567.0,0.4187,0.9312,0.675,adaptive-governance
L-040,low,V-only,15294.467,1631.0,1.1525,1.0114,1.082,adaptive-governance
L-041,low,V-only,9739.333,1531.0,0.464,0.886,0.675,adaptive-governance
L-042,low,V-only,12484.623,1584.0,0.8043,0.9525,0.8784,adaptive-governance
L-043,low,V-only,14313.63,1433.0,1.031,0.7631,0.897,adaptive-governance
L-044,low,V-only,11227.423,1576.0,0.6485,0.9424,0.7955,adaptive-governance
L-000,low,G-only,-439.313,62.0,-0.7975,-0.9565,-0.877,full-governance
L-001,low,G-only,-419.542,167.0,-0.795,-0.8248,-0.8099,full-governance
L-002,low,G-only,-379.072,-32.0,-0.79,-1.0744,-0.9322,full-governance
L-003,low,G-only,780.483,56.0,-0.6463,-0.964,-0.8052,full-governance
L-004,low,G-only,-448.006,146.0,-0.7986,-0.8511,-0.8248,full-governance
L-005,low,G-only,836.143,81.0,-0.6394,-0.9327,-0.786,full-governance
L-006,low,G-only,-587.897,12.0,-0.8159,-1.0192,-0.9175,full-governance
L-007,low,G-only,-59.792,122.0,-0.7504,-0.8812,-0.8158,full-governance
L-008,low,G-only,-522.868,29.0,-0.8078,-0.9979,-0.9029,full-governance
L-009,low,G-only,-341.185,117.0,-0.7853,-0.8875,-0.8364,full-governance
L-010,low,G-only,-644.635,33.0,-0.8229,-0.9929,-0.9079,full-governance
L-011,low,G-only,1803.474,149.0,-0.5195,-0.8474,-0.6834,full-governance
L-012,low,G-only,-212.341,105.0,-0.7693,-0.9026,-0.8359,full-governance
L-013,low,G-only,167.584,42.0,-0.7223,-0.9816,-0.8519,full-governance
L-014,low,G-only,5074.978,105.0,-0.114,-0.9026,-0.5083,full-governance
L-015,low,G-only,1442.146,57.0,-0.5643,-0.9628,-0.7635,full-governance
L-016,low,G-only,-446.207,54.0,-0.7983,-0.9665,-0.8824,full-governance
L-017,low,G-only,-896.316,-52.0,-0.8541,-1.0995,-0.9768,full-governance
L-018,low,G-only,-1034.838,-174.0,-0.8713,-1.2525,-1.0619,full-governance
L-019,low,G-only,-606.781,179.0,-0.8182,-0.8097,-0.814,full-governance
L-020,low,G-only,1811.745,95.0,-0.5185,-0.9151,-0.7168,full-governance
L-021,low,G-only,-465.957,93.0,-0.8008,-0.9176,-0.8592,full-governance
L-022,low,G-only,-29.866,122.0,-0.7467,-0.8812,-0.814,full-governance
L-023,low,G-only,1237.804,60.0,-0.5896,-0.959,-0.7743,full-governance
L-024,low,G-only,-387.993,150.0,-0.7911,-0.8461,-0.8186,full-governance
L-025,low,G-only,-192.805,173.0,-0.7669,-0.8173,-0.7921,full-governance
L-026,low,G-only,-279.491,126.0,-0.7777,-0.8762,-0.8269,full-governance
L-027,low,G-only,-322.859,50.0,-0.783,-0.9715,-0.8773,full-governance
L-028,low,G-only,839.885,47.0,-0.6389,-0.9753,-0.8071,full-governance
L-029,low,G-only,308.124,71.0,-0.7048,-0.9452,-0.825,full-governance
L-030,low,G-only,-55.622,-9.0,-0.7499,-1.0455,-0.8977,full-governance
L-031,low,G-only,-447.692,175.0,-0.7985,-0.8148,-0.8066,full-governance
L-032,low,G-only,-816.329,29.0,-0.8442,-0.9979,-0.921,full-governance
L-033,low,G-only,-751.777,-23.0,-0.8362,-1.0631,-0.9496,full-governance
L-034,low,G-only,1212.369,54.0,-0.5928,-0.9665,-0.7796,full-governance
L-035,low,G-only,-376.755,91.0,-0.7897,-0.9201,-0.8549,full-governance
L-036,low,G-only,2078.678,167.0,-0.4854,-0.8248,-0.6551,full-governance
L-037,low,G-only,-263.827,60.0,-0.7757,-0.959,-0.8674,full-governance
L-038,low,G-only,1540.997,90.0,-0.552,-0.9214,-0.7367,full-governance
L-039,low,G-only,-682.425,51.0,-0.8276,-0.9703,-0.8989,full-governance
L-040,low,G-only,-202.093,175.0,-0.7681,-0.8148,-0.7914,full-governance
L-041,low,G-only,-649.768,53.0,-0.8236,-0.9678,-0.8957,full-governance
L-042,low,G-only,-393.645,-105.0,-0.7918,-1.1659,-0.9789,full-governance
L-043,low,G-only,1147.12,-54.0,-0.6009,-1.102,-0.8514,full-governance
L-044,low,G-only,-679.719,135.0,-0.8273,-0.8649,-0.8461,full-governance
L-000,low,Full,10756.7,1641.0,0.5901,1.024,0.8071,adaptive-governance
L-001,low,Full,10609.337,1692.0,0.5719,1.0879,0.8299,adaptive-governance
L-002,low,Full,9179.492,1655.0,0.3947,1.0415,0.7181,adaptive-governance
L-003,low,Full,11016.983,1749.0,0.6224,1.1594,0.8909,adaptive-governance
L-004,low,Full,9827.107,1688.0,0.4749,1.0829,0.7789,adaptive-governance
L-005,low,Full,13108.745,1764.0,0.8816,1.1782,1.0299,adaptive-governance
L-006,low,Full,8699.722,1602.0,0.3352,0.9751,0.6551,adaptive-governance
L-007,low,Full,9559.189,1774.0,0.4417,1.1908,0.8163,adaptive-governance
L-008,low,Full,9158.582,1680.0,0.3921,1.0729,0.7325,adaptive-governance
L-009,low,Full,10362.424,1719.0,0.5413,1.1218,0.8315,adaptive-governance
L-010,low,Full,10363.643,1745.0,0.5414,1.1544,0.8479,adaptive-governance
L-011,low,Full,9819.577,1606.0,0.474,0.9801,0.727,adaptive-governance
L-012,low,Full,11947.172,1753.0,0.7377,1.1645,0.9511,adaptive-governance
L-013,low,Full,10229.425,1704.0,0.5248,1.103,0.8139,adaptive-governance
L-014,low,Full,11376.888,1781.0,0.667,1.1996,0.9333,adaptive-governance
L-015,low,Full,80990.403,1604.0,9.2948,0.9776,5.1362,minimal-governance
L-016,low,Full,11149.882,1693.0,0.6389,1.0892,0.864,adaptive-governance
L-017,low,Full,9993.806,1611.0,0.4956,0.9863,0.741,adaptive-governance
L-018,low,Full,11227.699,1560.0,0.6485,0.9224,0.7854,adaptive-governance
L-019,low,Full,9786.52,1776.0,0.4699,1.1933,0.8316,adaptive-governance
L-020,low,Full,10311.394,1624.0,0.5349,1.0027,0.7688,adaptive-governance
L-021,low,Full,11200.401,1757.0,0.6451,1.1695,0.9073,adaptive-governance
L-022,low,Full,10858.952,1647.0,0.6028,1.0315,0.8172,adaptive-governance
L-023,low,Full,13996.702,1659.0,0.9917,1.0466,1.0191,adaptive-governance
L-024,low,Full,10170.554,1745.0,0.5175,1.1544,0.836,adaptive-governance
L-025,low,Full,10282.866,1742.0,0.5314,1.1507,0.841,adaptive-governance
L-026,low,Full,13576.182,1737.0,0.9396,1.1444,1.042,adaptive-governance
L-027,low,Full,9319.983,1667.0,0.4121,1.0566,0.7343,adaptive-governance
L-028,low,Full,10044.161,1622.0,0.5018,1.0001,0.751,adaptive-governance
L-029,low,Full,9537.663,1748.0,0.4391,1.1582,0.7986,adaptive-governance
L-030,low,Full,10707.394,1625.0,0.584,1.0039,0.794,adaptive-governance
L-031,low,Full,12248.07,1697.0,0.775,1.0942,0.9346,adaptive-governance
L-032,low,Full,10093.841,1705.0,0.508,1.1042,0.8061,adaptive-governance
L-033,low,Full,9323.642,1536.0,0.4125,0.8923,0.6524,adaptive-governance
L-034,low,Full,13274.664,1770.0,0.9022,1.1858,1.044,adaptive-governance
L-035,low,Full,9385.241,1780.0,0.4202,1.1983,0.8092,adaptive-governance
L-036,low,Full,10533.207,1711.0,0.5624,1.1118,0.8371,adaptive-governance
L-037,low,Full,14595.224,1726.0,1.0659,1.1306,1.0982,adaptive-governance
L-038,low,Full,11941.795,1704.0,0.737,1.103,0.92,adaptive-governance
L-039,low,Full,9607.044,1667.0,0.4477,1.0566,0.7521,adaptive-governance
L-040,low,Full,9540.431,1703.0,0.4394,1.1017,0.7706,adaptive-governance
L-041,low,Full,11710.438,1699.0,0.7083,1.0967,0.9025,adaptive-governance
L-042,low,Full,8929.739,1756.0,0.3637,1.1682,0.766,adaptive-governance
L-043,low,Full,16253.171,1558.0,1.2714,0.9199,1.0956,adaptive-governance
L-044,low,Full,9443.619,1759.0,0.4274,1.172,0.7997,adaptive-governance
M-000,medium,Baseline,-242.701,-12.4,-0.3043,-1.0487,-0.6765,full-governance
M-001,medium,Baseline,-631.847,-44.4,-0.3187,-1.0873,-0.703,full-governance
M-002,medium,Baseline,-813.056,-42.4,-0.3253,-1.0849,-0.7051,full-governance
M-003,medium,Baseline,2751.367,57.6,-0.1939,-0.9642,-0.5791,full-governance
M-004,medium,Baseline,-446.103,33.6,-0.3118,-0.9932,-0.6525,full-governance
M-005,medium,Baseline,-820.559,-212.4,-0.3256,-1.2902,-0.8079,full-governance
M-006,medium,Baseline,2320.381,37.6,-0.2098,-0.9883,-0.5991,full-governance
M-007,medium,Baseline,-442.152,-8.4,-0.3117,-1.0439,-0.6778,full-governance
M-008,medium,Baseline,1564.483,18.6,-0.2377,-1.0113,-0.6245,full-governance
M-009,medium,Baseline,-209.788,12.6,-0.3031,-1.0185,-0.6608,full-governance
M-010,medium,Baseline,618.621,-21.4,-0.2726,-1.0596,-0.6661,full-governance
M-011,medium,Baseline,633.27,64.6,-0.272,-0.9557,-0.6139,full-governance
M-012,medium,Baseline,770.381,-21.4,-0.267,-1.0596,-0.6633,full-governance
M-013,medium,Baseline,1786.255,67.6,-0.2295,-0.9521,-0.5908,full-governance
M-014,medium,Baseline,-783.187,25.6,-0.3242,-1.0028,-0.6635,full-governance
M-015,medium,Baseline,-422.971,24.6,-0.311,-1.004,-0.6575,full-governance
M-016,medium,Baseline,-815.029,-84.4,-0.3254,-1.1357,-0.7305,full-governance
M-017,medium,Baseline,251.745,35.6,-0.2861,-0.9907,-0.6384,full-governance
M-018,medium,Baseline,-211.595,-74.4,-0.3032,-1.1236,-0.7134,full-governance
M-019,medium,Baseline,-722.078,-54.4,-0.322,-1.0994,-0.7107,full-governance
M-020,medium,Baseline,-186.487,-21.4,-0.3022,-1.0596,-0.6809,full-governance
M-021,medium,Baseline,18.427,27.6,-0.2947,-1.0004,-0.6475,full-governance
M-022,medium,Baseline,-563.568,30.6,-0.3161,-0.9968,-0.6565,full-governance
M-023,medium,Baseline,-475.403,49.6,-0.3129,-0.9738,-0.6434,full-governance
M-024,medium,Baseline,1347.479,93.6,-0.2457,-0.9207,-0.5832,full-governance
M-025,medium,Baseline,-546.879,-79.4,-0.3155,-1.1296,-0.7226,full-governance
M-026,medium,Baseline,-298.979,-54.4,-0.3064,-1.0994,-0.7029,full-governance
M-027,medium,Baseline,-308.934,-4.4,-0.3068,-1.039,-0.6729,full-governance
M-028,medium,Baseline,-223.586,61.6,-0.3036,-0.9593,-0.6315,full-governance
M-029,medium,Baseline,729.982,-124.4,-0.2685,-1.184,-0.7262,full-governance
M-030,medium,Baseline,-670.457,108.6,-0.3201,-0.9026,-0.6113,full-governance
M-031,medium,Baseline,873.194,-130.4,-0.2632,-1.1912,-0.7272,full-governance
M-032,medium,Baseline,-623.587,54.6,-0.3184,-0.9678,-0.6431,full-governance
M-033,medium,Baseline,261.201,12.6,-0.2857,-1.0185,-0.6521,full-governance
M-034,medium,Baseline,-701.439,44.6,-0.3212,-0.9799,-0.6505,full-governance
M-035,medium,Baseline,-504.313,-65.4,-0.314,-1.1127,-0.7133,full-governance
M-036,medium,Baseline,-613.203,67.6,-0.318,-0.9521,-0.635,full-governance
M-037,medium,Baseline,-713.167,-47.4,-0.3217,-1.091,-0.7063,full-governance
M-038,medium,Baseline,-794.65,98.6,-0.3247,-0.9147,-0.6197,full-governance
M-039,medium,Baseline,-626.056,-13.4,-0.3184,-1.0499,-0.6842,full-governance
M-040,medium,Baseline,-627.416,-22.4,-0.3185,-1.0608,-0.6896,full-governance
M-041,medium,Baseline,668.701,42.6,-0.2707,-0.9823,-0.6265,full-governance
M-042,medium,Baseline,-620.336,21.6,-0.3182,-1.0076,-0.6629,full-governance
M-043,medium,Baseline,784.41,55.6,-0.2664,-0.9666,-0.6165,full-governance
M-044,medium,Baseline,279.618,-7.4,-0.2851,-1.0427,-0.6639,full-governance
M-000,medium,V-only,10228.665,1525.6,0.0817,0.8085,0.4451,full-governance
M-001,medium,V-only,10637.427,1683.6,0.0968,0.9993,0.5481,adaptive-governance
M-002,medium,V-only,9002.617,1568.6,0.0365,0.8605,0.4485,full-governance
M-003,medium,V-only,11959.701,1630.6,0.1455,0.9353,0.5404,adaptive-governance
M-004,medium,V-only,10027.407,1661.6,0.0743,0.9728,0.5235,adaptive-governance
M-005,medium,V-only,12934.912,1576.6,0.1815,0.8701,0.5258,adaptive-governance
M-006,medium,V-only,11279.35,1639.6,0.1204,0.9462,0.5333,adaptive-governance
M-007,medium,V-only,9116.406,1662.6,0.0407,0.974,0.5073,adaptive-governance
M-008,medium,V-only,11407.84,1645.6,0.1252,0.9535,0.5393,adaptive-governance
M-009,medium,V-only,13132.784,1596.6,0.1887,0.8943,0.5415,adaptive-governance
M-010,medium,V-only,10796.507,1624.6,0.1026,0.9281,0.5154,adaptive-governance
M-011,medium,V-only,13816.771,1631.6,0.214,0.9365,0.5753,adaptive-governance
M-012,medium,V-only,11194.427,1570.6,0.1173,0.8629,0.4901,full-governance
M-013,medium,V-only,13619.144,1638.6,0.2067,0.945,0.5758,adaptive-governance
M-014,medium,V-only,10100.339,1519.6,0.077,0.8013,0.4391,full-governance
M-015,medium,V-only,12520.61,1549.6,0.1662,0.8375,0.5019,adaptive-governance
M-016,medium,V-only,356146.381,1652.6,12.8332,0.9619,6.8976,minimal-governance
M-017,medium,V-only,18035.703,1652.6,0.3695,0.9619,0.6657,adaptive-governance
M-018,medium,V-only,9825.522,1596.6,0.0668,0.8943,0.4806,full-governance
M-019,medium,V-only,9129.753,1548.6,0.0412,0.8363,0.4388,full-governance
M-020,medium,V-only,13959.559,1566.6,0.2192,0.8581,0.5386,adaptive-governance
M-021,medium,V-only,10575.659,1653.6,0.0945,0.9631,0.5288,adaptive-governance
M-022,medium,V-only,11872.043,1567.6,0.1423,0.8593,0.5008,adaptive-governance
M-023,medium,V-only,11337.576,1668.6,0.1226,0.9812,0.5519,adaptive-governance
M-024,medium,V-only,12533.796,1648.6,0.1667,0.9571,0.5619,adaptive-governance
M-025,medium,V-only,10175.156,1352.6,0.0797,0.5996,0.3397,full-governance
M-026,medium,V-only,10185.861,1559.6,0.0801,0.8496,0.4649,full-governance
M-027,medium,V-only,9401.625,1593.6,0.0512,0.8907,0.4709,full-governance
M-028,medium,V-only,9224.935,1616.6,0.0447,0.9184,0.4816,full-governance
M-029,medium,V-only,11653.942,1561.6,0.1342,0.852,0.4931,full-governance
M-030,medium,V-only,11703.202,1686.6,0.1361,1.003,0.5695,adaptive-governance
M-031,medium,V-only,10953.02,1548.6,0.1084,0.8363,0.4724,full-governance
M-032,medium,V-only,9489.873,1547.6,0.0545,0.8351,0.4448,full-governance
M-033,medium,V-only,12636.39,1481.6,0.1705,0.7554,0.4629,full-governance
M-034,medium,V-only,10768.896,1623.6,0.1016,0.9269,0.5142,adaptive-governance
M-035,medium,V-only,10002.136,1561.6,0.0733,0.852,0.4627,full-governance
M-036,medium,V-only,10560.769,1600.6,0.0939,0.8991,0.4965,full-governance
M-037,medium,V-only,9723.112,1522.6,0.0631,0.8049,0.434,full-governance
M-038,medium,V-only,10698.755,1728.6,0.099,1.0537,0.5764,adaptive-governance
M-039,medium,V-only,8648.864,1603.6,0.0235,0.9027,0.4631,full-governance
M-040,medium,V-only,12974.014,1470.6,0.1829,0.7421,0.4625,full-governance
M-041,medium,V-only,9123.488,1649.6,0.041,0.9583,0.4996,full-governance
M-042,medium,V-only,11051.748,1665.6,0.112,0.9776,0.5448,adaptive-governance
M-043,medium,V-only,11107.914,1635.6,0.1141,0.9414,0.5277,adaptive-governance
M-044,medium,V-only,9279.177,1739.6,0.0467,1.067,0.5568,adaptive-governance
M-000,medium,G-only,-693.978,-3.4,-0.3209,-1.0378,-0.6794,full-governance
M-001,medium,G-only,-542.179,171.6,-0.3154,-0.8265,-0.5709,full-governance
M-002,medium,G-only,-140.188,49.6,-0.3005,-0.9738,-0.6372,full-governance
M-003,medium,G-only,1470.913,178.6,-0.2411,-0.8181,-0.5296,full-governance
M-004,medium,G-only,-383.46,101.6,-0.3095,-0.911,-0.6103,full-governance
M-005,medium,G-only,-548.329,43.6,-0.3156,-0.9811,-0.6483,full-governance
M-006,medium,G-only,1406.077,153.6,-0.2435,-0.8482,-0.5459,full-governance
M-007,medium,G-only,-301.396,35.6,-0.3065,-0.9907,-0.6486,full-governance
M-008,medium,G-only,741.613,80.6,-0.268,-0.9364,-0.6022,full-governance
M-009,medium,G-only,-586.075,76.6,-0.317,-0.9412,-0.6291,full-governance
M-010,medium,G-only,751.034,158.6,-0.2677,-0.8422,-0.5549,full-governance
M-011,medium,G-only,388.745,121.6,-0.281,-0.8869,-0.584,full-governance
M-012,medium,G-only,86.377,-91.4,-0.2922,-1.1441,-0.7181,full-governance
M-013,medium,G-only,1354.692,108.6,-0.2454,-0.9026,-0.574,full-governance
M-014,medium,G-only,483.131,85.6,-0.2776,-0.9304,-0.604,full-governance
M-015,medium,G-only,-156.669,70.6,-0.3011,-0.9485,-0.6248,full-governance
M-016,medium,G-only,-393.965,-29.4,-0.3099,-1.0692,-0.6896,full-governance
M-017,medium,G-only,965.972,114.6,-0.2598,-0.8953,-0.5775,full-governance
M-018,medium,G-only,843.925,140.6,-0.2643,-0.8639,-0.5641,full-governance
M-019,medium,G-only,3151.964,35.6,-0.1792,-0.9907,-0.585,full-governance
M-020,medium,G-only,-566.877,-123.4,-0.3163,-1.1827,-0.7495,full-governance
M-021,medium,G-only,1625.145,92.6,-0.2355,-0.9219,-0.5787,full-governance
M-022,medium,G-only,-484.404,25.6,-0.3132,-1.0028,-0.658,full-governance
M-023,medium,G-only,-641.741,-5.4,-0.319,-1.0403,-0.6796,full-governance
M-024,medium,G-only,361.861,88.6,-0.282,-0.9267,-0.6044,full-governance
M-025,medium,G-only,-472.641,-4.4,-0.3128,-1.039,-0.6759,full-governance
M-026,medium,G-only,-677.365,49.6,-0.3203,-0.9738,-0.6471,full-governance
M-027,medium,G-only,-310.736,64.6,-0.3068,-0.9557,-0.6313,full-governance
M-028,medium,G-only,-390.341,135.6,-0.3098,-0.87,-0.5899,full-governance
M-029,medium,G-only,1613.762,63.6,-0.2359,-0.9569,-0.5964,full-governance
M-030,medium,G-only,-765.493,149.6,-0.3236,-0.8531,-0.5883,full-governance
M-031,medium,G-only,896.566,-47.4,-0.2623,-1.091,-0.6766,full-governance
M-032,medium,G-only,-628.335,156.6,-0.3185,-0.8446,-0.5816,full-governance
M-033,medium,G-only,730.758,0.6,-0.2684,-1.033,-0.6507,full-governance
M-034,medium,G-only,-835.34,89.6,-0.3262,-0.9255,-0.6258,full-governance
M-035,medium,G-only,13.106,16.6,-0.2949,-1.0137,-0.6543,full-governance
M-036,medium,G-only,-761.334,99.6,-0.3234,-0.9135,-0.6184,full-governance
M-037,medium,G-only,-304.425,26.6,-0.3066,-1.0016,-0.6541,full-governance
M-038,medium,G-only,-564.939,162.6,-0.3162,-0.8374,-0.5768,full-governance
M-039,medium,G-only,-563.785,31.6,-0.3161,-0.9956,-0.6559,full-governance
M-040,medium,G-only,-384.43,55.6,-0.3095,-0.9666,-0.6381,full-governance
M-041,medium,G-only,673.511,53.6,-0.2705,-0.969,-0.6198,full-governance
M-042,medium,G-only,-653.972,75.6,-0.3195,-0.9424,-0.631,full-governance
M-043,medium,G-only,1288.343,138.6,-0.2479,-0.8664,-0.5571,full-governance
M-044,medium,G-only,-258.86,171.6,-0.3049,-0.8265,-0.5657,full-governance
M-000,medium,Full,10077.639,1676.6,0.0761,0.9909,0.5335,adaptive-governance
M-001,medium,Full,11520.312,1827.6,0.1293,1.1732,0.6513,adaptive-governance
M-002,medium,Full,9489.259,1748.6,0.0544,1.0778,0.5661,adaptive-governance
M-003,medium,Full,10719.182,1774.6,0.0998,1.1092,0.6045,adaptive-governance
M-004,medium,Full,13004.612,1675.6,0.184,0.9897,0.5869,adaptive-governance
M-005,medium,Full,12050.658,1818.6,0.1489,1.1624,0.6556,adaptive-governance
M-006,medium,Full,10092.813,1761.6,0.0767,1.0935,0.5851,adaptive-governance
M-007,medium,Full,9866.208,1822.6,0.0683,1.1672,0.6178,adaptive-governance
M-008,medium,Full,11921.431,1853.6,0.1441,1.2046,0.6744,adaptive-governance
M-009,medium,Full,11389.356,1786.6,0.1245,1.1237,0.6241,adaptive-governance
M-010,medium,Full,11309.918,1723.6,0.1216,1.0476,0.5846,adaptive-governance
M-011,medium,Full,13305.105,1738.6,0.1951,1.0658,0.6304,adaptive-governance
M-012,medium,Full,11035.337,1553.6,0.1114,0.8424,0.4769,full-governance
M-013,medium,Full,11716.61,1638.6,0.1365,0.945,0.5408,adaptive-governance
M-014,medium,Full,9184.602,1673.6,0.0432,0.9873,0.5152,adaptive-governance
M-015,medium,Full,10827.258,1808.6,0.1038,1.1503,0.627,adaptive-governance
M-016,medium,Full,10138.366,1754.6,0.0784,1.0851,0.5817,adaptive-governance
M-017,medium,Full,11853.139,1696.6,0.1416,1.015,0.5783,adaptive-governance
M-018,medium,Full,9791.773,1738.6,0.0656,1.0658,0.5657,adaptive-governance
M-019,medium,Full,65735.329,1710.6,2.1278,1.0319,1.5799,minimal-governance
M-020,medium,Full,11241.388,1769.6,0.119,1.1032,0.6111,adaptive-governance
M-021,medium,Full,11379.264,1830.6,0.1241,1.1769,0.6505,adaptive-governance
M-022,medium,Full,11024.683,1737.6,0.111,1.0646,0.5878,adaptive-governance
M-023,medium,Full,9476.464,1731.6,0.054,1.0573,0.5556,adaptive-governance
M-024,medium,Full,13858.393,1804.6,0.2155,1.1455,0.6805,adaptive-governance
M-025,medium,Full,18993.5,1775.6,0.4048,1.1104,0.7576,adaptive-governance
M-026,medium,Full,10869.538,1568.6,0.1053,0.8605,0.4829,full-governance
M-027,medium,Full,10751.653,1757.6,0.101,1.0887,0.5948,adaptive-governance
M-028,medium,Full,10902.425,1771.6,0.1065,1.1056,0.6061,adaptive-governance
M-029,medium,Full,15684.358,1770.6,0.2828,1.1044,0.6936,adaptive-governance
M-030,medium,Full,12004.118,1836.6,0.1471,1.1841,0.6656,adaptive-governance
M-031,medium,Full,15099.413,1680.6,0.2612,0.9957,0.6285,adaptive-governance
M-032,medium,Full,12198.339,1838.6,0.1543,1.1865,0.6704,adaptive-governance
M-033,medium,Full,17703.487,1628.6,0.3572,0.9329,0.6451,adaptive-governance
M-034,medium,Full,15743.869,1732.6,0.285,1.0585,0.6718,adaptive-governance
M-035,medium,Full,10466.343,1748.6,0.0905,1.0778,0.5841,adaptive-governance
M-036,medium,Full,14805.029,1826.6,0.2504,1.172,0.7112,adaptive-governance
M-037,medium,Full,14645.036,1693.6,0.2445,1.0114,0.628,adaptive-governance
M-038,medium,Full,10315.776,1861.6,0.0849,1.2143,0.6496,adaptive-governance
M-039,medium,Full,10416.366,1711.6,0.0886,1.0332,0.5609,adaptive-governance
M-040,medium,Full,13407.506,1757.6,0.1989,1.0887,0.6438,adaptive-governance
M-041,medium,Full,12627.989,1821.6,0.1701,1.166,0.6681,adaptive-governance
M-042,medium,Full,11192.034,1761.6,0.1172,1.0935,0.6054,adaptive-governance
M-043,medium,Full,11603.088,1851.6,0.1324,1.2022,0.6673,adaptive-governance
M-044,medium,Full,10418.827,1831.6,0.0887,1.1781,0.6334,adaptive-governance
